ID,SONG,DOT1,DISC1,DOT2,DISC2,DOUBLE,DOT,DISC,SINGLE,ABI
aimei 暧昧,暧昧スクリーム,A16,【开始】五轨单点  【结束】双拐条后，吃到三轨单点,B755,【开始】三轨长条结尾，五轨条头  【结束】双条后，1&5轨双打,111.3,B755,【开始】三轨长条结尾，五轨条头  【结束】双条后，1&5轨双打,57.9,1
aitouluowang 爱投罗网,爱投罗网,A110,"【开始】导歌开，爆第二次短条：3轨短条。
【结束】2轨条左滑&4轨单点。（备注）",B436,【开始】4轨单点后，爆4轨条。    【结束】2轨直条中。（非满分）,74,B440,"【开始】爆4轨条左滑时&1轨右滑条。
【结束】2轨直条尾&3轨直条头。",39,2
aiwushe 爱无赦,爱无赦,B567,"【开始】过四轨条，一轨条按住爆一轨右滑尾+四轨拐条头
【结束】一轨右滑尾+四轨拐条头",B753,"【开始】一轨点后，三轨拐条按住爆第一次右拐
【结束】一轨拐条右滑尾",90.1,B753,"【开始】一轨点后，三轨拐条按住爆第一次右拐
【结束】一轨拐条右滑尾",47.9,1
aizaibuyuanchu 爱在不远处,爱在不远处,A353,"【开始】三轨右滑键后爆二轨单点
【结束】三轨拐条后，二轨单点",B644,"【开始】三轨点，二轨左滑键后爆三轨右滑条
【结束】二轨拐条最后一次左滑",70.4,B644,"【开始】三轨点，二轨左滑键后爆三轨右滑条
【结束】二轨拐条最后一次左滑",37.4,1
AKB48,キミがいたしるし,A294,"【开始】288一轨条按住爆五轨二连点
【结束】四轨条中+二轨二连点第一个",B722,"【开始】 717五轨条按住爆一轨二连点
【结束】二轨条中+四轨二连点第一个",88.8,A294,"【开始】 288一轨条按住爆五轨二连点
【结束】四轨条中+二轨二连点第一个",44.4,1
anicca anicca,anicca,A303,【开始】按住第二个三轨楼梯条，爆一轨单点+三轨右滑  【结束】二轨单点+四轨条头,B940,【开始】按住第二个三轨楼梯条，爆五轨单点+三轨左滑  【结束】四轨单点+二轨条头,104.6,B940,【开始】按住第二个三轨楼梯条，爆五轨单点+三轨左滑  【结束】四轨单点+二轨条头,52.3,1
anjing 安静,安静,A410,"【开始】 左侧拐条按住爆最后一拐（左）+五轨直条
【结束】五轨左滑+一轨单点",A554,"【开始】 541一轨拐条按住爆右拐+五轨二连点
【结束】一轨右滑+五轨单点",100.5,A554,"【开始】 541一轨拐条按住爆右拐+五轨二连点
【结束】一轨右滑+五轨单点",50.4,1
appleisa apple is a,Apple Is A,A153,【开始】爆1-2轨的2轨单点   【结束】4轨直条尾&2轨单点。,B333,【开始】爆4轨单点   【结束】2轨单点。,71,B333,【开始】爆4轨单点【结束】2轨单点。,37,2
baby baby,Baby*,A126,"【开始】主歌最后，2轨┐爆左滑
【结束】3轨二连点第一个。（非满分）",B340,"【开始】334二轨短直条后，过一轨单点，爆2轨条
【结束】3轨拐条后，1&3轨双点。",62,B340,"【开始】334二轨短直条后，过一轨单点，爆2轨条
【结束】3轨拐条后，1&3轨双点。",31,2
babyboy baby boy,Baby Boy,B449,【开始】爆1-2-3-4第一个1轨单点【结束】1轨单点。,B713,【开始】爆2&4轨双点        【结束】1&3轨双点。,89,B449,【开始】爆1-2-3-4第一个1轨单点 【结束】1轨单点。,45,1
badgirls bad girls,Bad Girls,B511,"【开始】 505四轨短条后，一轨拐条按住过2cb爆
【结束】一轨右滑键后，五轨单点",B651,"【开始】 三轨条尾+五轨单点后，四轨拐条按住爆一轨单点
【结束】五轨左滑键后，一轨右滑键",91.9,B511,"【开始】 505四轨短条后，一轨拐条按住过2cb爆
【结束】一轨右滑键后，五轨单点",46,2
badromance bad romance,Bad Romance,B415,"【开始】3轨大拐条后，爆1轨二连点。
【结束】3&4轨双点紧接4轨二连点。",B483,"【开始】3轨┌后，爆第二组双点：2&4轨双点。
【结束】2&3轨双滑键。",78,B483,"【开始】3轨┌后，爆第二组双点：2&4轨双点。
【结束】2&3轨双滑键。",41,2
baiqishi 白骑士,白骑士,A118,"【开始】歌词“美好的侧脸”后，爆1轨短条（备注）
【结束】3轨二连点。（非满分）",A207,【开始】导歌中间，1轨单点后，爆4轨二连点。（接近双爆）    【结束】2轨短条后，4轨条头。（备注）,70,A118,"【开始】歌词“美好的侧脸”后，爆1轨短条（备注）
【结束】3轨二连点。（非满分）",35,2
baofu 包袱,包袱,B312,"开始:4－3点后，爆二轨左滑条
结束:一轨三连点第三个+三轨条尾",B521,"开始:4－3点后，爆一轨右滑条
结束:二轨单点+四轨条尾",68.9,B312,"开始:4－3点后，爆二轨左滑条
结束:一轨三连点第三个+三轨条尾",34.5,2
barbarbar bar bar bar,bar bar bar,A166,"【开始】二轨左滑键后，爆一轨右滑条+四轨左滑条
【结束】一轨短条尾+三轨单点",B517,"【开始】 二轨左滑条后，爆一轨右滑条+四轨左滑条
【结束】四轨单点",85.5,B517,"【开始】 二轨左滑条后，爆一轨右滑条+四轨左滑条
【结束】四轨单点",43.2,1
bei 悲,悲,A434,"【开始】三轨拐条后，爆一轨跨轨右滑条 
【结束】3&4轨双条中",B1023,"【开始】 二轨拐条后，爆四轨跨轨左滑条
【结束】1&2轨双条中",88.2,A434,"【开始】三轨拐条后，爆一轨跨轨右滑条 
【结束】3&4轨双条中",44.6,1
beiduibeiyongbao 背对背拥抱,背对背拥抱（100）,A360,"【开始】副歌末，一轨滑键后，爆2&4轨双点。（接双条）
【结束】右手条按住，1轨二连点。",B625,"【开始】高潮开，4轨左滑键后，爆2&4轨双点。
【结束】1&3轨双长条尾。",77,A360,"【开始】副歌末，一轨滑键后，爆2&4轨双点。（接双条）
【结束】右手条按住，1轨二连点。",40,2
bemybaby be my baby,Be My Baby,A182,【开始】 过四轨滑建，爆二轨单点。   【结束】一轨+五轨双条尾。,B763,【开始】 过双滑建，爆一轨+四轨双右滑条头。 【结束】双条后，吃到四轨单点。,88,B763,【开始】 过双滑建，爆一轨+四轨双右滑条头。 【结束】双条后，吃到四轨单点。,44,1
biaobai 表白,表白,B290,【开始】爆4轨短条（极）       【结束】2轨¬条左滑尾&3轨右滑建。,B550,【开始】爆第六个3轨单点     【结束】第二次1&4双条尾。,83,B550,【开始】爆第六个3轨单点    【结束】第二次1&4双条尾。,45,2
biaoguoyiti 表裹一体,表裹一体,B837,"【开始】2&4轨双条后，1-2右滑条按住，第一次左拐时爆
【结束】二轨左滑",B1521,"【开始】1516一轨右滑条+五轨左滑键后，爆二轨左滑键+三轨右滑条
【结束】二轨条尾+四轨单点",129.7,B837,"【开始】2&4轨双条后，1-2右滑条按住，第一次左拐时爆
【结束】二轨左滑",65.9,1
bingbing bing bing,Bing Bing,B428,"【开始】三轨单点。
【结束】过四轨二连点，吃到四轨右滑建。",B497,"【开始】四轨条按住2cb爆
【结束】吃完一轨三连点。",57,B428,"【开始】三轨单点。
【结束】过四轨二连点，吃到四轨右滑建。",29,1
bingbing 冰冰,冰冰,A296,"开始:二轨左滑键后，爆一轨条+三轨右滑
结束:一轨右滑条中间",B630,"开始:三轨右滑键后，爆二轨条+四轨点
结束:四轨单点后，二轨单点",79.1,B636,"开始:过二轨条+四轨单点后，爆三轨单点
结束:三轨单点",40,1
blackbird black bird,Black Bird,A162,"【开始】 157三轨短条后，爆五轨左滑条
【结束】五轨左滑键后，三轨点",B959,"【开始】 957一轨短条+三轨点，按1cb爆
【结束】二轨点+五轨左滑键",71,A162,"【开始】 157三轨短条后，爆五轨左滑条
【结束】五轨左滑键后，三轨点",35.9,1
blessu bless u,Bless U,A267,"【开始】二轨短条后，爆四轨拐条
【结束】四轨拐条后，二轨左滑键",B608,"【开始】三轨短条后，爆一轨拐条
【结束】一轨直条后，三轨右滑键",60.2,B608,"【开始】三轨短条后，爆一轨拐条
【结束】一轨直条后，三轨右滑键",30.5,1
bonamana Bonamana,BONAMANA,B398,"【开始】4轨条后，爆1轨右滑条。（极）
【结束】四次二连点后，2&4轨双点。（偷）",B549,"【开始】2轨二连点后，爆1轨短条。
【结束】歌曲结束，2&4轨双点。",78,B398,"【开始】4轨条后，爆1轨右滑条。（极）
【结束】四次二连点后，2&4轨双点。（偷）",39,2
bopeepbopeep bo peep bo peep,Bo Peep Bo Peep,A264,"【开始】四轨单点后，爆2-3-4第一个单点：2轨点。（存）
【结束】A段结束，2轨单点，",B403,"【开始】4轨短条后，过2轨单点，爆1轨短条。
【结束】3轨二连点后，第四个单点：2轨单点",70,B403,"【开始】4轨短条后，过2轨单点，爆1轨短条。
【结束】3轨二连点后，第四个单点：2轨单点",37,2
boys boys,Boys*,A258,"【开始】4轨左滑键后，爆2&3轨双直条。（存）
【结束】A短结束，2&3轨双直条。",B364,"【开始】桥段开，第二个拐条：3轨条马上右滑时爆。
【结束】左手拐条最后一拐：2轨左滑时。",56,B353,"【开始】爆2轨拐条。
【结束】4轨单点。",29,2
braveheart brave heart,Brave Heart(非压爆带极限）,A239,"【开始】过三轨单点，爆二轨左滑条。
【结束】右手拐条后第一个四轨单点。",B736,"【开始】过二轨单点，爆二轨左滑条。
【结束】左手拐条后第一个二轨单点。",88,B736,"【开始】过二轨单点，爆二轨左滑条。
【结束】左手拐条后第一个二轨单点。",49,2
brightspring bright spring,Bright Spring,B322,"【开始】293右拐条后，过三个点，爆2轨二连点。
【结束】2轨点点条：前两单点，",B389,"【开始】1轨长直条后，过一个单，爆1轨单点。
【结束】3轨右滑键。",64,B322,"【开始】293右拐条后，过三个点，爆2轨二连点。
【结束】2轨点点条：前两单点，",34,2
bubblepop bubble pop,Bubble Pop！,A328,【开始】爆1轨短条（存）【结束】A端结束，1&4轨双滑建。,B368,【开始】爆B开后第一次双直条：1&4轨双直条   【结束】4-3-2轨单点后，紧接的2轨左滑建。,73,B401,【开始】第二小句：3-2-3-2爆第一个3轨单点  【结束】4-3-2轨单点后，紧接的2轨左滑建。,37,1
bukezudang 不可阻挡,不可阻挡,B714,"【开始】三轨单点后爆2&4轨双拐条
【结束】一轨点+三轨拐条右滑尾",B825,"【开始】819cb二轨条后爆三轨二连点第二个
【结束】一轨条尾+四轨左滑键",92.4,B825,"【开始】819cb二轨条后爆三轨二连点第二个
【结束】一轨条尾+四轨左滑键",46.3,2
butterfly butter fly,Butter Fly,B794,【开始】爆B开第一次双拐条：2&3轨双条        【结束】1轨&4轨双条中。,B922,【开始】爆2&3轨双条（接近双爆）      【结束】1&4双直条尾。,105,B794,【开始】爆B开第一次双拐条：2&3轨双条      【结束】1轨&4轨双条中。,53,1
caibitou 猜不透,猜不透,A518,"【开始】四轨短条后，二轨拐条按住爆左滑尾
【结束】四轨拐条左滑尾",B935,"【开始】一轨短条后，三轨拐条按住爆右滑尾
【结束】一轨拐条右滑尾",69.2,A518,"【开始】四轨短条后，二轨拐条按住爆左滑尾
【结束】四轨拐条左滑尾",34.6,1
candypop candy pop,Candy Pop（非压爆带极限）,A411,【开始】爆2&4轨双点（存）    【结束】A段结束，2&3双条尾。,B925,【开始】爆1&4轨双点 【结束】1轨条头&3轨单点。,105,B933,【开始】爆第三次双点：2&3轨双点   【结束】右滑尾&4轨条尾。,55,2
caomeishufulei 草莓舒芙蕾,草莓舒芙蕾,B677,"【开始】左手拐条后，4-3-2连点接1轨条按住，爆条中＆4轨点
【结束】",B981,"【开始】右-左两滑键接3轨┌按住，爆右滑尾＆2轨L
【结束】二轨左滑尾+三轨拐条头",102.9,B677,"【开始】左手拐条后，4-3-2连点接1轨条按住，爆条中＆4轨点
【结束】",56.3,2
caoxilianshangyueliang 潮汐恋上月亮,潮汐恋上月亮,B525,"【开始】四轨点后，爆一轨点
【结束】1&4轨双打后，一轨右滑条尾",B644,"【开始】四轨短条后，爆三轨右滑条
【结束】三轨短条中间",64.9,B525,"【开始】四轨点后，爆一轨点
【结束】1&4轨双打后，一轨右滑条尾",33.7,1
castlewalls castle walls,Castle Walls,A307,"开始:二轨单点后，爆一五轨双打
结束:四轨拐条尾+一轨右滑键",B867,"开始:按住五轨条左滑时爆
结束:二五轨双打",133.6,B867,"开始:按住五轨条左滑时爆
结束:二五轨双打",46.5,1
change change,chAngE,A472,【开始】爆第一个3轨单点（存）             【结束】A段结束，2&4轨双条；双左滑尾。,B978,【开始】紧接着爆2&4轨双条    【结束】双拐条后，第一个3轨单点。,90,B1032,【开始】爆第二次双条：1&3轨双条   【结束】2-3-2第二个2轨单点。,47,1
changemyworld change my world,change！ my world,A789,【开始】四轨单点  【结束】二轨长条右滑+五轨长条左滑,B1624,【开始】二轨单点  【结束】1&5轨双条结尾,94.4,B1624,【开始】二轨单点  【结束】1&5轨双条结尾,47.5,1
chenmoguayan 沉默寡言,沉默寡言,A197,"【开始】四轨单点后，爆1-2-3点第一个一轨点
【结束】二轨短条尾",B542,"【开始】一轨单点后，爆4-3-2点一个四轨点
【结束】三轨短条尾",61.4,A197,"【开始】四轨单点后，爆1-2-3点第一个一轨点
【结束】二轨短条尾",30.7,1
chenxiang 沉香,沉香,A348,"开始:二轨拐条后，爆三轨拐条
结束:四轨左滑键",B483,"开始:476一轨按住右滑时爆
结束:三轨条尾+一轨单点",67.1,B483,"开始:476一轨按住右滑时爆
结束:三轨条尾+一轨单点",36.4,2
chuangqianmingyueguang 窗前明月光,窗前明月光,A171,"开始:一轨条后，三轨条按住右滑时爆
结束:二轨二连点后，一轨点",A255,"开始:四轨单点后，四轨条按住3cb爆
结束:二轨拐条尾",60.6,A171,"开始:一轨条后，三轨条按住右滑时爆
结束:二轨二连点后，一轨点",31.7,1
clear clear,CLEAR（50）,A28,【开始】马上爆2&4轨双条     【结束】第一个1轨单点。,B745,【开始】爆2&4轨双条         【结束】3轨单点。,85,B745,【开始】爆2&4轨双条    【结束】3轨单点。,44,1
congqianshuo 从前说,从前说,A128,"【开始】122四轨条后爆第二个二轨点
【结束】二轨短条尾",B428,"【开始】424一轨右滑键后，过2-3-4点，爆三轨点
【结束】一轨单点后，二轨单点",71.1,B428,"【开始】424一轨右滑键后，过2-3-4点，爆三轨点
【结束】一轨单点后，二轨单点",36,2
cradles cradles,Cradles,A291,"开始:三个滑键后，爆一轨单点+三轨右滑条
结束:三五轨左滑键",B767,"开始:三轨滑键后，爆三轨左滑条+五轨单点
结束:一轨右滑键+三轨单点",81.8,A291,"开始:三个滑键后，爆一轨单点+三轨右滑条
结束:三五轨左滑键",40.9,1
crazy crazy,Crazy,A100,"【开始】双打后过4-2-4-1点后，爆五轨二连点
【结束】2&5轨双打后，三轨单点",B523,"【开始】520cb一轨二连点接四轨单点后，爆2&5轨双打
【结束】二轨短条后，第二组双打：1&4轨双打",94,A100,"【开始】双打后过4-2-4-1点后，爆五轨二连点
【结束】2&5轨双打后，三轨单点",47,1
createch  crea tech,Crea-Tech,A598,"【开始】 576起一轨长条+右手散点，爆条结束后的第四个点（4轨）
【结束】3-2点后，第一个四轨拐条左滑尾",B738,"【开始】 B开，爆一轨拐条
【结束】一轨短条结束+三轨点",156.1,B738,"【开始】 B开，爆一轨拐条
【结束】一轨短条结束+三轨点",79.7,1
crossingfield crossing field,crossing field,B1657,【开始】过四轨短条，爆二轨+四轨双外滑条头  【结束】1&3轨双条尾（假）,B1831,【开始】过二四轨双条，爆2&4轨双点  【结束】连续三堆双点吃到最后一对：1&3轨双点,133.6,B1831,【开始】过二四轨双条，爆2&4轨双点  【结束】连续三堆双点吃到最后一对：1&3轨双点,69.8,1
daoying 倒影,倒影,A238,"【开始】一轨条后爆四轨点
【结束】4-3-4点第三个：四轨点",B570,"【开始】四轨条后爆一轨点
【结束】1-2-1点第三个：一轨点",62,A238,"【开始】一轨条后爆四轨点
【结束】4-3-4点第三个：四轨点",31,1
dayishujia 大艺术家,大艺术家（困难版）,B809,【开始】爆3轨三连点  【结束】2&4轨双条尾。,B922,【开始】爆1&3轨双点            【结束】2&4轨双条中。,115,B883,【开始】爆1&3轨连续双点   【结束】2&4轨双条尾。,59,1
dearfuturehusband dear future husband,Dear Future Husband,A159,【开始】爆1轨单点         【结束】2轨左滑建&4轨条尾。,B461,【开始】爆1轨г条尾        【结束】1轨条中。,76,B461,【开始】爆1轨г条尾            【结束】1轨条中。,38,1
diqiutaolijihua 地球逃离计划,地球逃离计划,B304,"【开始】B开过三个点，爆一轨单点
【结束】一轨单点后，二轨短条头",B541,"【开始】二轨单点后，四轨条按住过10cb爆
【结束】一轨短条尾+四轨单点",61.3,B304,"【开始】B开过三个点，爆一轨单点
【结束】一轨单点后，二轨短条头",30.7,1
dontgo don't go,Don't Go,A163,"开始:空气后，爆三五轨双打
结束:一轨二连点第二个+四轨右滑键",B793,"开始:三轨单点后，二轨条按住爆条尾+五轨单点
结束:四轨条尾+一轨点",78.5,A163,"开始:空气后，爆三五轨双打
结束:一轨二连点第二个+四轨右滑键",39.4,1
dontwakemeup don't wake me up,Don't Wake Me Up,B327,"【开始】B开，一轨拐条按住爆条尾+四轨单点
【结束】二轨拐条尾+四轨单点",B465,"【开始】二轨单点后，爆三轨拐条
【结束】三轨单点",59,B465,"【开始】二轨单点后，爆三轨拐条
【结束】三轨单点",29.6,1
dtm dtm,D.T.M,A144,"【开始】 一轨单点后，爆2&4轨双打
【结束】1&3轨双打",A203,"【开始】 二轨单点后，爆3&5轨双打
【结束】2&4轨双打",67,A144,"【开始】 一轨单点后，爆2&4轨双打
【结束】1&3轨双打",33.5,1
duoshaogeyuzhou 多少个宇宙,多少个宇宙,A215,"【开始】 204三轨拐条按住，爆条尾+二轨拐条
【结束】右长条拐条最后一拐+第三个滑键",B592,"【开始】580二轨拐条按住，爆结尾右滑+四轨拐条 
【结束】左长拐条最后一拐+第三个滑键",88.3,B592,"【开始】580二轨拐条按住，爆结尾右滑+四轨拐条 
【结束】左长拐条最后一拐+第三个滑键",44.3,1
duoyoudarao 多有打扰,多有打扰,A290,"【开始】四轨点后，爆三轨点（存）
【结束】三轨短条尾，中场",B407,"【开始】三轨点后，爆二轨点，接三轨拐条
【结束】1&4轨双打",73.8,B430,"【开始】一轨右滑键后，爆四轨左滑键
【结束】2&3轨双条尾",39.8,2
dura dura,Dura（100）,A475,【开始】第6声Dura：爆1&4轨双条（存）【结束】2&3轨双点、,B738,【开始】2轨钩子条左滑时爆&4轨单点     【结束】左手第三个ㄈ尾&4轨单点。,96,B784,【开始】爆左滑尾&1轨单点  【结束】左手第三个ㄈ尾&4轨单点。,49,1
enemy enemy,Enemy,B617,"【开始】615cb一轨右滑键+四轨单点后，爆1&4轨拐条
【结束】四轨左滑尾+一轨条头",B1121,"【开始】1111cb2&3轨双滑条后爆1轨条&4轨左滑条
【结束】一轨右滑尾+四轨单点",103.1,B617,"【开始】615cb一轨右滑键+四轨单点后，爆1&4轨拐条
【结束】四轨左滑尾+一轨条头",54.3,1
faded faded,Faded（困难版）,A358,【开始】一轨长条 四轨长条     【结束】2轨条左滑尾&4轨单点。,B788,【开始】二轨单点             【结束】2轨单点。,87,B788,【开始】二轨单点   【结束】2轨单点。,44,1
feiniaoyuwu 飞鸟与雾,飞鸟与雾,A201,"【开始】 三轨右滑键后，爆三轨左滑条+四轨短条
【结束】双拐条中（一轨右滑）",B834,"【开始】 二轨左滑键后，爆四轨左滑条+一轨短条
【结束】双拐条中（四轨左滑）",91.8,A201,"【开始】 三轨右滑键后，爆三轨左滑条+四轨短条
【结束】双拐条中（一轨右滑）",46.2,1
fengdeyanse 风的颜色,风的颜色,B486,"【开始】 482cb二轨条后爆三轨点
【结束】四轨单点",B573,"【开始】2-3-2-2连点后紧接着3轨条按住马上右滑时爆
【结束】2轨L后，散点全吃完",82.1,B573,"【开始】2-3-2-2连点后紧接着3轨条按住马上右滑时爆
【结束】2轨L后，散点全吃完",41.1,1
fenxianggeisheine 分享给谁呢,分享给谁呢,A210,"【开始】四轨短条后，爆第三个点：二轨单点
【结束】三轨二连点后，一轨二连点第二个",B433,"【开始】一轨短条后，爆第三个点：三轨单点
【结束】二轨二连点后，四轨二连点第二个",57,A210,"【开始】四轨短条后，爆第三个点：二轨单点
【结束】三轨二连点后，一轨二连点第二个",28.5,1
fightforyou fight for you,Fight For You（潘玮柏）(20）,A58,【开始】1&4轨双条按住，过8cb爆       【结束】1&4轨双条尾。,B639,【开始】B开，爆1&4轨双条 【结束】1&4轨双条中。,104,B639,【开始】B开，爆1&4轨双条      【结束】1&4轨双条中。,52,1
firefly firefly,firefly,B638,【开始】二轨右滑后，按住三轨+五轨爆双左滑  【结束】2&4轨双条右滑,B892,【开始】滑键后，过右手条，爆1&3轨双条头  【结束】过一轨五轨双内滑，吃到第一对双点：2&4轨双点,107.8,B892,【开始】滑键后，过右手条，爆1&3轨双条头  【结束】过一轨五轨双内滑，吃到第一对双点：2&4轨双点,54.4,2
flowerdance flower dance,Flower Dance（困难版）,B404,【开始】爆3轨大拐条      【结束】3轨右滑建。,B462,【开始】2-3-4爆第三个：4轨点【结束】500后第二个3轨单点。,84,B404,【开始】爆3轨大拐条 【结束】3轨右滑建。,43,1
fomo fomo,FOMO,A210,"【开始】 202四轨二连点后，过一轨短条，三轨短条按住过2cb爆
【结束】三轨单点后，二轨单点",A285,"【开始】 三轨短条后，一轨短条按住2cb爆
【结束】四轨单点后，三轨单点",69.6,A263,"【开始】 一轨短条后，过四轨左滑键，爆二轨单点
【结束】四轨短条尾+三轨单点",35.5,1
fuzhongyiwanjinzhangda 负重一万斤长大,负重一万斤长大,B738,"【开始】 三轨单点后，爆2&4轨双打
【结束】五轨短条尾+一轨单点",B829,"【开始】 三轨单点后，爆二轨左滑键+四轨直条
【结束】2&4轨双打后，1&3轨双打",70.4,B829,"【开始】 三轨单点后，爆二轨左滑键+四轨直条
【结束】2&4轨双打后，1&3轨双打",35.7,1
gaobai 告白,告白,A234,"【开始】228一轨点+四轨条后爆二轨二连点
【结束】二轨单点后，三轨单点",B513,"【开始】三轨拐条后，爆一轨单点
【结束】2-1-2点第三个：二轨点",56.6,B513,"【开始】三轨拐条后，爆一轨单点
【结束】2-1-2点第三个：二轨点",28.4,1
gee gee,Gee【20】,A187,【开始】爆1&4轨的双条     【结束】3轨单点。,A551,【开始】爆第三次点+条：1轨单点&4轨短直条              【结束】2轨单点后，第一组双点。,96,A187,【开始】爆1&4轨的双条【结束】3轨单点。,43,1
gentleman gentleman,Gentleman,A293,"【开始】 287 1&4双打后，爆第二个二轨单点
【结束】A段结束，二轨左滑条尾+四轨右滑条尾",B682,"【开始】 2&3轨双短条后，爆四轨右滑键
【结束】3&5轨双长条结束",72.4,B682,"【开始】 2&3轨双短条后，爆四轨右滑键
【结束】3&5轨双长条结束",37.2,1
getitonthefloor get it on the floor,get it on the floor,A238,【开始】爆右手条第二拐：四轨右滑  【结束】右手条第三拐：五轨左滑+1轨单点,A381,【开始】过一轨滑键，爆四轨单点接条  【结束】三轨条尾+五轨单点,93.7,A238,【开始】爆右手条第二拐：四轨右滑  【结束】右手条第三拐：五轨左滑+1轨单点,48.6,1
gogo go go,GO GO,B579,"【开始】577五轨单点后，过二轨右滑键，爆一轨右滑键 
【结束】一轨右滑条后，四轨单点",B819,"【开始】 三轨拐条后，一轨拐条按住右滑时爆
【结束】二轨右滑条第二次左滑",99.4,B819,"【开始】 三轨拐条后，一轨拐条按住右滑时爆
【结束】二轨右滑条第二次左滑",51,1
goodtime good time,Good Time,B389,"【开始】连续三滑键后，爆第二组双点：1&4轨双点。
【结束】4轨┐条尾。",B491,"【开始】二连点后，过一单点，1轨┌条：爆右滑尾。
【结束】左手拐条尾&3轨单点。",81,B491,"【开始】二连点后，过一单点，1轨┌条：爆右滑尾。
【结束】左手拐条尾&3轨单点。",45,2
guanjitixing 关机提醒,关机提醒,A247,"[开始]3轨点接条后，爆1轨点（存）
[结束]A段结束。",B432,"[开始]2轨二连点后，4轨┐按住，爆左滑尾
[结束]2轨二连点。",65.8,B432,"【开始】二轨二连点后，四轨拐条按住爆左滑尾
【结束】2&3轨双打后第二个点：三轨点",33.2,1
gudumiandian 孤独面店,孤独面店,A311,"【开始】三轨单点后，二轨拐条按住爆四轨拐条
【结束】一轨二连点第一个",B596,"【开始】一轨拐条后，爆四轨二连点第一个
【结束】四轨二连点第一个",76.6,A311,"【开始】三轨单点后，二轨拐条按住爆四轨拐条
【结束】一轨二连点第一个",41.3,2
gulouguawen 孤陋寡闻,孤陋寡闻,B490,"【开始】485一轨短条后，爆四轨二连点
【结束】一轨拐条右滑",B582,"【开始】一轨拐条按住过2cb爆
【结束】散点结束（二轨）",75.8,B582,"【开始】一轨拐条按住过2cb爆
【结束】散点结束（二轨）",38.2,2
guowanghuanghou 国王皇后,国王皇后,A103,"【开始】四轨点接条后，过二轨单点，爆二轨二连点第一个
【结束】五轨右滑条左滑",B484,"【开始】二轨单点后，爆二轨二连点第一个
【结束】二轨左滑条后，第一个五轨单点",72.2,A103,"【开始】四轨点接条后，过二轨单点，爆二轨二连点第一个
【结束】五轨右滑条左滑",36.7,1
guoyueliang 过月亮,过月亮,B621,"【开始】四轨条后，爆一轨拐条
【结束】四轨单点后，三轨短条头",B728,"【开始】四轨单点后，二轨拐条按住左滑时爆
【结束】二轨短条后，四轨单点",60.7,B621,"【开始】四轨条后，爆一轨拐条
【结束】四轨单点后，三轨短条头",31.1,1
gurengui 故人归,故人归,A202,"开始:三轨条后，爆一轨二连点第一个
结束:四轨拐条左滑",B596,"三轨条后，爆一轨二连点第一个
结束:四轨拐条左滑",64.4,B596,"三轨条后，爆一轨二连点第一个
结束:四轨拐条左滑",32.2,1
gushuhuixiang 古蜀回响,古蜀回响,A151,"【开始】小段空气后，三轨拐条按住右滑时爆
【结束】三轨条中间",B584,"【开始】小段空气后，二轨拐条按住左滑时爆
【结束】二轨条中间",59.3,B584,"【开始】小段空气后，二轨拐条按住左滑时爆
【结束】二轨条中间",29.8,1
hackingtothegate hacking to the gate,Hacking to the Gate（50）,B818,【开始】2轨条还有2cm左滑时爆           【结束】2&3轨双点。,B1080,【开始】爆2轨左滑键&4轨单点    【结束】歌曲最后，倒数第二个单点；4轨单点。,104,A818,【开始】2轨条还有2cm左滑时爆     ,54,1
hairtie hair tie,hair tie,A178,"【开始】二轨条后爆三轨单点
【结束】二轨二连点后三轨单点",B401,"【开始】三轨条后爆二轨单点
【结束】三轨二连点后，二轨单点",59,A178,"【开始】二轨条后爆三轨单点
【结束】二轨二连点后三轨单点",29.5,1
hallommig hall om mig,Hall om mig,B534,"【开始】四轨短条后爆二轨短条
【结束】1&3轨双条结束",B750,"【开始】二轨条按住爆四轨条
【结束】三轨单点",84.9,B750,"【开始】二轨条按住爆四轨条
【结束】三轨单点",43.2,2
haowubaoliu 毫无保留,毫无保留,B378,"【开始】二轨条后，四轨条按住3cb爆
【结束】一轨拐条中间",B470,"【开始】一轨单点后，爆四轨单点
【结束】二轨条后，四轨单点",58.1,B378,"【开始】二轨条后，四轨条按住3cb爆
【结束】一轨拐条中间",29.9,1
haoxiangbaozhuni 好像抱住你,好想抱住你,A240,"【开始】234三轨短条后，过一轨单点，爆第一个三轨单点
【结束】二轨拐条左滑尾",B580,"【开始】574二轨短条后，过四轨单点，爆第一个二轨单点
【结束】三轨拐条右滑尾",65.4,A240,"【开始】234三轨短条后，过一轨单点，爆第一个三轨单点
【结束】二轨拐条左滑尾",32.7,1
haoxiangdashengshuoxihuanni 好想大声说喜欢你,好想大声说喜欢你(建议带极限),A207,【开始】爆2&3轨双条              【结束】2轨条左滑时。,B598,【开始】爆右滑尾     【结束】4轨条左滑。,80,B598,"【开始】爆右滑尾
【结束】4轨条左滑。",41,2
heartshaker heart shaker,Heart Shaker,A36,【开始】过二轨滑键，按住四轨条爆四轨左滑  【结束】双条后吃到第五个点：五轨单点,A291,【开始】二三轨双条后，按住2&5轨条爆双内滑  【结束】左手楼梯条最后一拐：二轨左滑,103.9,A36,【开始】过二轨滑键，按住四轨条爆四轨左滑  【结束】双条后吃到第五个点：五轨单点,53,1
herewithyou here with you,Here With You,A120,"【开始】边走主歌，爆2轨条。
【结束】4轨左滑键。（备注）",B429,"【开始】411后，爆第四次双点：爆1&4轨双点。
【结束】歌曲结束，2&3轨双条为。（备注）",70,B429,"【开始】411后，爆第四次双点：爆1&4轨双点。
【结束】歌曲结束，2&3轨双条为。（备注）",39,2
heybabynishiwode hey baby你是我的,Hey Baby 你是我的,A242,【开始】4轨楼梯条：第一次左滑时爆      【结束】第二个单点。,B752,【开始】1轨楼梯条：第一次右滑时爆  【结束】第二个单点。,80,A242,【开始】4轨楼梯条：第一次左滑时爆       【结束】第二个单点。,40,1
hip hip,Hip,A118,"开始:3－4点后，爆一轨二连点第一个
结束:三轨拐条右拐",B311,"开始:一轨条后，爆第一个四轨单点
结束:三轨拐条右拐",75.5,B311,"开始:一轨条后，爆第一个四轨单点
结束:三轨拐条右拐",39,2
history history,History,A342,"【开始】 337起3-2-3点后，二轨短条按住过2cb爆
【结束】二轨拐条后，三轨右滑条头",B732,"【开始】 三轨短条尾+二轨单点后，爆四轨单点
【结束】三轨拐条后，二轨左滑条右滑",83.3,B732,"【开始】 三轨短条尾+二轨单点后，爆四轨单点
【结束】二轨拐条后，二轨左滑条右滑",41.8,1
huanghun 黄昏,黄昏,A247,"【开始】 2&4轨双打后，爆1&3轨双打
【结束】一轨单点+四轨拐条左滑",B898,"【开始】 1&3轨双打后，爆2轨左滑条+四轨单点
【结束】二轨拐条中间+四轨左滑键",77.9,A247,"【开始】 2&4轨双打后，爆1&3轨双打
【结束】一轨单点+四轨拐条左滑",39.7,1
huanyoushikong 环游时空,环游时空,A214,"【开始】一轨短条后，三轨短条按住爆条尾+二轨短条
【结束】2-3-4点后，一轨二连点第二个",B514,"【开始】二轨单点后，四轨短条按住过3cb爆
【结束】3-2-1点后第三个：一轨点",67.3,A214,"【开始】一轨短条后，三轨短条按住爆条尾+二轨短条
【结束】2-3-4点后，一轨二连点第二个",33.7,2
huima 会吗,会吗,B1095,"【开始】 1081cb四轨左滑键后，过一轨拐条，四轨拐条按住爆左滑尾
【结束】1&4轨双条接近结尾",B1331,"【开始】 1310cb一轨拐条左滑和三轨右滑条按住过8cb爆
【结束】一轨条右滑+三轨右滑尾",117.1,B1331,"【开始】 1310cb一轨拐条左滑和三轨右滑条按住过8cb爆
【结束】一轨条右滑+三轨右滑尾",61.2,1
huohua 火花,火花,A87,【开始】爆4轨二连点第二个       【结束】散点全部吃完2轨。,B571,【开始】爆4-3-2轨的4轨单点   【结束】4-3-4轨第二个4轨单点。,70,A87,【开始】爆4轨二连点第二个【结束】散点全部吃完2轨。,37,1
iknewyouweretrouble i knew you were trouble,I Know You Were Trouble*,A97,【开始】4轨大拐条第一次左滑时爆   【结束】3轨条中。,A192,【开始】爆第二组双点：1&4轨双点         【结束】左手条按住第二个3轨单点。,84,A97,【开始】4轨大拐条第一次左滑时爆【结束】3轨条中。,42,2
inmyzone in my zone,In My Zone,A296,"【开始】二轨短条接四轨点后爆一轨右滑条
【结束】一轨右滑条头",B768,"【开始】四轨左滑条第三拐（二轨左滑）
【结束】四轨左滑条第三拐（四轨左滑）",77.9,A296,"【开始】二轨短条接四轨点后爆一轨右滑条
【结束】一轨右滑条头",40.5,1
intothenight into the night,Into The Night,A215,"【开始】过三轨点，爆一轨右滑尾
【结束】三轨点",B328,"【开始】一轨条后，爆2&3轨双长条
【结束】一轨单点",67.6,B328,"【开始】一轨条后，爆2&3轨双长条
【结束】一轨单点",35.3,2
iwantmytearsback i want my tears back,I Want My Tears Back,A580,【开始】爆1轨二连点（极）（存）     【结束】A段结束，2&3轨双直条尾。,B811,【开始】左滑时爆（极）     【结束】2&4轨双左滑尾。,147,B941,【开始】4轨条左滑时爆              【结束】2&4轨双左滑尾。,80,2
jaroflove jar of love,Jar Of Love,A201,"【开始】“oh my love”1轨条后，爆3轨二连点。
【结束】4轨二连点第一个。",B455,"【开始】两个滑键后，过五个点，爆3轨单点。
【结束】右手]条尾。",73,B455,"【开始】两个滑键后，过五个点，爆3轨单点。
【结束】右手]条尾。",40,2
jellyjelly jelly jelly,JELLY JELLY,A172,【开始】爆1&4轨双直条              【结束】1后右滑建。,B708,【开始】爆1&4轨双点（极）【结束】1&3轨双点。,68,B708,【开始】爆1&4轨双点（极）  【结束】1&3轨双点。,35,1
jianhun 剑魂,剑魂,A198,"【开始】四轨拐条左滑时爆
【结束】一轨单点后，四轨单点",B525,"【开始】三轨拐条后，爆一轨拐条
【结束】二轨拐条后，第一个四轨单点",64.1,A198,"【开始】四轨拐条左滑时爆
【结束】一轨单点后，四轨单点",32.1,1
jiannuan 渐暖,渐暖,A62,"【开始】55一轨点接条后，四轨拐条按住2cb爆
【结束】二轨二连点第二个",B379,"【开始】374四轨短条后爆2&3轨双打
【结束】二轨二连点后，一轨点",63.4,A62,"【开始】55一轨点接条后，四轨拐条按住2cb爆
【结束】二轨二连点第二个",32.4,2
jijuhuaeryi 几句话而已,几句话而已,A281,"【开始】一轨点后，276三轨条按住5cb爆
【结束】一轨右滑键",B510,"【开始】二轨点后，三轨拐条按住2cb爆
【结束】一轨三连点",66.5,B510,"【开始】二轨点后，三轨拐条按住2cb爆
【结束】一轨三连点",35.6,2
jinjuebianjingxian 禁绝边境线,禁绝边境线,A405,【开始】爆2-3-2-3第一个2轨点（存）     【结束】A段结束，2&3轨双直条中。,B607,【开始】爆第一个4轨单点      【结束】4轨直条按住，第二个单点，2轨单点。,72,A357,【开始】爆尾&3轨点     【结束】A段结束，2&3轨双直条中。,36,1
juewangxing 绝望性,绝望性：ヒ一ロ一治療薬,B1469,【开始】五轨短条后，过散点，爆二轨左滑条  【结束】二轨条左滑+四轨右滑键,B1576,【开始】过一轨短条，爆2&5轨双点  【结束】三轨单点,115.5,B1469,【开始】五轨短条后，过散点，爆二轨左滑条  【结束】二轨条左滑+四轨右滑键,58.3,1
justlikefire just like fire,just like fire,A161,【开始】左手条后，过五轨二连点，爆二轨单点+五轨条头  【结束】按住一轨条，吃完四轨三连点,B575,【开始】左手条后，过五轨二连点，爆二轨单点+五轨条头  【结束】按住一轨条，吃完四轨三连点,93.2,A161,【开始】左手条后，过五轨二连点，爆二轨单点+五轨条头  【结束】按住一轨条，吃完四轨三连点,46.6,1
kanong 卡农,卡农,A169,【开始】连续滑键后，爆第一对双打：1&5轨双点  【结束】二轨单点，一轨二连点第一个,B877,【开始】按住一轨条，爆四轨右滑键  【结束】歌曲结尾，1&4轨双点,83,A169,【开始】连续滑键后，爆第一对双打：1&5轨双点  【结束】二轨单点，一轨二连点第一个,42,1
keepitup keep it up,KEEP IT UP,A364,"【开始】二轨拐条后，过四轨点爆1&3轨双打（存）
【结束】一轨条尾+四轨单点，中场",B617,"【开始】四轨二连点接1轨右滑条按住，左滑时爆（2拐1）
【结束】四轨条尾+一轨单点",83,B449,"【开始】一轨拐条后过三轨点爆2&4轨双打
【结束】一轨条接近结尾",41.1,1
keepyourheaddown keep your head down,Keep Your Head Down,B727,"【开始】 二轨左滑键后，721四轨拐条按住，爆右滑+一轨短条
【结束】一轨点",B960,"【开始】 954四轨短条后，2-1-2点爆一轨点
【结束】一轨拐条右滑尾+五轨拐条左滑尾（接双打歌曲结束）",107.7,B727,"【开始】 二轨左滑键后，721四轨拐条按住，爆右滑+一轨短条
【结束】一轨点",53.9,1
kelaiyinlan 克莱因蓝,克莱因蓝,A114,"【开始】二轨左滑键后，过三轨单点，爆二轨二连点第一个
【结束】一轨短条尾",B414,"【开始】四轨单点后，爆二轨单点
【结束】三轨短条后，二轨二连点第二个",58.4,B414,"【开始】四轨单点后，爆二轨单点
【结束】三轨短条后，二轨二连点第二个",29.5,1
keluodiyakuangxiangqu 克罗地亚狂想曲,克罗地亚狂想曲,A467,【开始】过两个滑键，爆第一个单点：一轨单点  【结束】楼梯点第一次一轨单点,B758,【开始】过两个滑键，爆第三个四轨单点  【结束】吃完一轨至三轨楼梯条：二轨长条右滑,91.5,B758,【开始】过两个滑键，爆第三个四轨单点  【结束】吃完一轨至三轨楼梯条：二轨长条右滑,46.7,1
keneng 可能,可能,B475,"【开始】一轨条后，爆三轨二连点
【结束】三轨二连点后，二轨单点",B542,"【开始】二轨二连点后，三轨拐条按住右滑时爆
【结束】四轨拐条左滑尾",54.6,B542,"【开始】二轨二连点后，三轨拐条按住右滑时爆
【结束】四轨拐条左滑尾",27.4,1
killingme killing me,Killing ME,A315,"【开始】四轨短条欧，爆一轨短条（存）
【结束】A段结束，四轨单点",B329,"【开始】三轨单点后，爆二轨单点
【结束】三轨拐条左滑尾",54.7,B327,"【开始】B开，爆一轨单点
【结束】三轨短条后，一轨单点",27.8,1
knockknock knock knock,KNOCK KNOCK,A99,"【开始】3轨向右滑键后，爆2＆3轨双点。
【结束】4轨条后，2轨单点。",B235,"【开始】桥段最后，2轨单点后，爆2轨短条。
【结束】右手拐条尾：3轨左滑尾。",62,B235,"【开始】桥段最后，2轨单点后，爆2轨短条。
【结束】右手拐条尾：3轨左滑尾。",32,2
kongxiangshenhua 空想神话,空想神话,A252,【开始】2轨条按住，爆4轨条            【结束】4轨二连点的第一个。,B1516,【开始】左手条左滑后按住，爆3轨二连点            【结束】1轨条中。,123,B1516,【开始】左手条左滑后按住，爆3轨二连点        【结束】1轨条中。,69,1
kulekule 哭了哭了,哭了哭了,A137,"【开始】二轨条后爆1&4轨双打
【结束】三轨短条后，二轨单点",B384,"【开始】三轨条后爆1&4轨双打
【结束】二轨短条后，三轨单点",50.8,A137,"【开始】二轨条后爆1&4轨双打
【结束】三轨短条后，二轨单点",25.4,1
kuqizhantai 哭泣站台,哭泣站台,B670,"【开始】660二轨单点+三轨长条按住，爆一轨二连点
【结束】一轨拐条尾+四轨短条尾",B860,"【开始】四轨拐条后，二轨左滑条按住爆最后一次左滑+四轨直条
【结束】2&4轨长条接近结尾",75.8,B670,"【开始】660二轨单点+三轨长条按住，爆一轨二连点
【结束】一轨拐条尾+四轨短条尾",39.1,1
latitude latitude,Latitude,A227,"【开始】 222二轨短条后，过三轨单点，爆五轨单点
【结束】五轨单点",B937,"【开始】 一轨直条后，爆一轨右滑键+四轨右滑条
【结束】五轨条按住吃到三轨点",111.1,A227,"【开始】 222二轨短条后，过三轨单点，爆五轨单点
【结束】五轨单点",56.5,1
lettinggo letting go,Letting Go,B450,"【开始】440二轨右滑条按住左拐时爆
【结束】2&4轨双条结束",B780,"【开始】一轨二连点爆第二个
【结束】1&4轨双条结束",80.3,B450,"【开始】440二轨右滑条按住左拐时爆
【结束】2&4轨双条结束",40.4,2
lianaila 恋爱啦,恋爱啦,A310,【开始】四轨右滑按住8cb爆（存）  【结束】1&5轨双条结尾（偷）,B700,【开始】双条欧，爆第一个单点：一轨单点  【结束】1&5轨双条结尾,86.2,A303,【开始】四轨右滑后按住1cb爆  【结束】1&5轨双条结尾（偷）,44.8,2
liangliang 凉凉,凉凉（困难版）,B807,【开始】爆第一个4轨单点    【结束】第二个2轨左滑建。,B1317,【开始】爆第一个3轨单点 【结束】1&3轨双直条尾。,94,B807,【开始】爆第一个4轨单点             【结束】第二个2轨左滑建。,50,1
liangxianghuan 两相欢,两相欢,A330,"开始:二轨单点后，二轨按住2cb爆
结束:一轨条尾+四轨单点",B669,"开始:三轨单点后，三轨按住2cb爆
结束:一轨条尾+四轨单点",71.2,A330,"开始:二轨单点后，二轨按住2cb爆
结束:一轨条尾+四轨单点",35.6,1
lie lie,L.I.E,A76,【开始】爆3轨二连点  【结束】第一个4轨单点。,A213,【开始】爆1轨г    【结束】1轨单点。,91,A76,【开始】爆3轨二连点 【结束】第一个4轨单点。,48,2
linzhongniao 林中鸟,林中鸟（困难版）,B846,【开始】双条后，过3个单点，爆一轨滑键+五轨左滑条  【结束】1&5轨双条结尾,B1664,【开始】双条后，按住二轨长条爆二轨左滑  【结束】歌曲结尾，吃到倒数第二个拐：四轨长条左滑,105.8,B1664,【开始】双条后，按住二轨长条爆二轨左滑  【结束】歌曲结尾，吃到倒数第二个拐：四轨长条左滑,54.7,1
liuzhaonian 六兆年,六兆年と一夜物语,B720,【开始】过五轨条，按住一轨条爆一轨右滑  【结束】三轨长条右滑,B1009,【开始】一轨短条后，爆三轨单点  【结束】三轨单点,89.7,B720,【开始】过五轨条，按住一轨条爆一轨右滑  【结束】三轨长条右滑,47.2,1
lookwhatyoumademedo look what you made me do,Look What You Made Me Do,B227,"【开始】4轨单点后，爆1轨右滑条。
【结束】4轨条尾&2轨单点。（接近双爆）",B298,"【开始】一爆结束后，过两个点，爆2轨单点，
【结束】2轨└条后，第三个单点。（接近双爆）",69,B250,"【开始】爆1轨单点。（备注）
【结束】1&4轨双条尾。",37,2
lovecut love cut,Love Cut,A110,"【开始】 二轨短条后，爆四轨二连点第二个
【结束】四轨段天后第四个点：四轨点",A221,"【开始】 过219起1-2点后，爆四轨二连点第一个
【结束】四轨拐条左滑尾",72.6,A110,"【开始】 二轨短条后，爆四轨二连点第二个
【结束】四轨段天后第四个点：四轨点",37,1
lovegirl love girl,Love Girl,A98,"【开始】二轨条后爆第四个单点（一轨）
【结束】一轨单点",B416,"【开始】412一轨短条按住爆条尾+四轨单点
【结束】二轨左滑键",69.9,A98,"【开始】二轨条后爆第四个单点（一轨）
【结束】一轨单点",37.1,2
lovesosoft love so soft,Love So Soft,A149,"【开始】二轨左滑键后，爆3轨单点。
【结束】1轨直条按住，第二个单点：3轨单点。",B379,"【开始】1轨条按住，爆4轨左滑键。（极）
【结束】2轨条左滑尾。（偷）",66,A149,"【开始】2轨左滑键后，爆3轨单点。
【结束】1轨直条按住，第二个单点：3轨单点。",34,1
luozaishengminglideguang 落在生命里的光,落在生命里的光,A236,"开始:二轨条按住爆条尾+四轨拐条
结束:三轨拐条最后一次拐",B559,"开始:三轨条按住爆条尾+一轨拐条
结束:二轨拐条最后一次拐",74.1,B559,"开始:三轨条按住爆条尾+一轨拐条
结束:二轨拐条最后一次拐",37,1
make-up makeup,ペガサス幻想,B735,【开始】右滑时爆&4轨三连点  【结束】2轨左滑建。,B881,【开始】马上爆4轨拐条           【结束】4轨条按住，1轨条右滑尾。,103,B735,【开始】右滑时爆&4轨三连点【结束】2轨左滑建。,54,1
maxingwo 骂醒我,骂醒我,A471,"【开始】 一轨单点+三轨右滑键后，爆2&4轨双打
【结束】1&3轨双条尾",B942,"【开始】 二轨左滑键+四轨单点后，爆1&3轨双打
【结束】2&4轨双条尾",100.6,A471,"【开始】 一轨单点+三轨右滑键后，爆2&4轨双打
【结束】1&3轨双条尾",50.3,1
meiguihuadezangli 玫瑰花的葬礼,玫瑰花的葬礼,A240,"【开始】 四轨单点后，2&5轨双拐条按住爆双左滑尾
【结束】双拐条后，四轨单点",B954,"【开始】 二轨点后，1&4轨双拐条按住过4cb爆
【结束】1&轨双条尾",113,B954,"【开始】 二轨点后，1&4轨双拐条按住过4cb爆
【结束】1&轨双条尾",59.4,1
meiyouweilai 没有未来,没有未来,A209,"【开始】 五轨条后，爆第三个点：三轨单点
【结束】三轨短条后，二轨点",B494,"【开始】 过三轨点+五轨条后，爆二轨左滑键+四轨点
【结束】四轨单点后，三轨单点",80.2,A209,"【开始】 五轨条后，爆第三个点：三轨单点
【结束】三轨短条后，二轨点",40.4,1
meiyouxuanze 没有选择,没有选择,A251,"【开始】左手两个单点后，爆4轨条。（存）
【结束】A短结束，1轨右滑键（非满分）",B382,"【开始】3轨短条尾&1轨单点后，爆4轨单点。
【结束】2-3-2第三个：2轨单点。（非满分）",58,B376,"【开始】“如果我放弃了”爆“了”：3轨短条。
【结束】4轨短条按住，2轨单点。",29,1
mermaidgirl mermaid girl,Mermaid Girl,A219,"【开始】一轨条后过小段空气，爆三轨单点
【结束】三轨二连点第二个",B477,"【开始】四轨条后过小段空气，爆二轨单点
【结束】二轨二连点第二个",68.8,A219,"【开始】一轨条后过小段空气，爆三轨单点
【结束】三轨二连点第二个",34.4,2
mimimi mimimi,Mimimi,A78,"【开始】3轨短条后，过两个点，爆2轨单点。
【结束】1&4轨双点。",B310,"【开始】4轨单点后，爆1-2-1第一个单点：1轨单点。
【结束】2轨直条后，4轨直条头。",61,B310,"【开始】4轨单点后，爆1-2-1第一个单点：1轨单点。
【结束】2轨直条后，4轨直条头。",30,1
mongtagi mongtagi,Mongtagi,B701,"【开始】 698一轨右滑键后，过两个单点，爆三轨拐条
【结束】四轨轨条右滑尾+一轨拐条头",B950,"【开始】 三轨条右拐后，一轨拐条按住爆右滑尾
【结束】二轨左滑条结尾左滑",103.1,B701,"【开始】 698一轨右滑键后，过两个单点，爆三轨拐条
【结束】四轨轨条右滑尾+一轨拐条头",53.9,1
mywu my舞,MY舞☆TONIGHT,A333,【开始】导歌最后，1轨条按住，右滑时爆&3轨条 【结束】2&3轨双点。,A663,【开始】高潮，2&4双轨接双条按住，双左滑时爆     【结束】双左滑时。,115,A333,【开始】导歌最后，1轨条按住，右滑时爆&3轨条 【结束】2&3轨双点。,60,1
n8pm n8pm,N8PM-比尔的歌,A162,"开始:空气后，爆二轨二连点第一个
结束:二轨单点后，四轨单点",B371,"开始:空气后，爆四轨二连点第一个
结束:四轨单点后，二轨单点",62.8,A162,"开始:空气后，爆二轨二连点第一个
结束:二轨单点后，四轨单点",31.4,1
nanbanqiuyubeihaidao 南半球与北海道,南半球与北海道,A218,"【开始】四轨单点后，爆二轨二连点第一个
【结束】二轨短条尾+四轨单点",B629,"【开始】一轨单点后，爆三轨二连点第一个
【结束】三轨短条尾+一轨单点",64.8,A218,"【开始】四轨单点后，爆二轨二连点第一个
【结束】二轨短条尾+四轨单点",32.4,1
nidakebubi 你大可不必,你大可不必,B549,"【开始】543cb一轨短条+三轨点按住，爆条尾+四轨单点
【结束】二轨左滑条后，3&4轨双打",B1006,"【开始】1000cb二轨单点+四轨短条按住，爆条尾+一轨单点
【结束】三轨右滑条后，1&2轨双打",91.7,B1006,"【开始】1000cb二轨单点+四轨短条按住，爆条尾+一轨单点
【结束】三轨右滑条后，1&2轨双打",46,1
nilangqianqiu 逆浪千秋,逆浪千秋,B553,【开始】过一轨长条，爆五轨条头  【结束】一轨右滑键,B740,【开始】过空气，爆一轨条头+五轨单点  【结束】2&5轨单点,77.2,B740,【开始】过空气，爆一轨条头+五轨单点  【结束】2&5轨单点,39,1
niyoumeiyouguo 你有没有过,你，有没有过（100）,B542,【开始】B段第二个条+点2轨长条开始&4轨单点         【结束】4轨单点。,B835,【开始】爆第四组双点：1&4轨双点        【结束】3轨条右滑后按住，4轨条尾。,103,B835,【开始】爆第四组双点：1&4轨双点            【结束】3轨条右滑后按住，4轨条尾。,51,1
oh oh,oh！,B301,"【开始】 五轨单点后，爆二轨二连点第一个
【结束】1&4轨双长条结束",B418,"【开始】 四轨二连点后，爆一轨二连点第一个
【结束】二轨长条尾+五轨单点",73.5,B418,"【开始】 四轨二连点后，爆一轨二连点第一个
【结束】二轨长条尾+五轨单点",36.9,1
onenightinshang one night inshang,One Night In Shang,A159,"【开始】154三轨短条后爆一轨二连点
【结束】一轨二连点第二个",B464,"【开始】三轨拐条后，爆二轨单点
【结束】二轨条头",62.8,A159,"【开始】154三轨短条后爆一轨二连点
【结束】一轨二连点第二个",33.2,1
overloved overloved,Overloved,A203,"【开始】四轨条后，过小段空气，爆一轨右滑键+四轨点
【结束】三轨右滑条后，一轨右滑条接近结尾",496,"【开始】一轨条后，过小段空气，爆四轨左滑键+一轨点
【结束】二轨左滑条后，四轨左滑条接近结尾",74.2,A203,"【开始】四轨条后，过小段空气，爆一轨右滑键+四轨点
【结束】三轨右滑条后，一轨右滑条接近结尾",37.1,2
oxiangwanwansui 偶像万万岁,偶像万万岁,A66,【开始】爆第二个4轨单点    【结束】2&3轨双点。,B455,【开始】爆1&4轨双点     【结束】4轨直条中。,63,A66,"【开始】爆第二个4轨单点
【结束】2&3轨双点。",32,1
pajianfeihua 怕见飞花,怕见飞花,A195,"【开始】186二轨二连点后，三轨拐条按住，爆右滑
【结束】一轨短条头+四轨点",A290,"【开始】一轨短条后，285四轨拐条，按住爆左滑+一轨长条
【结束】一轨点+四轨短条头",64.4,A290,"【开始】一轨短条后，285四轨拐条，按住爆左滑+一轨长条
【结束】一轨点+四轨短条头",33.4,1
paleblue pale blue,Pale Blue,A671,"【开始】 二轨短条后，爆2&4轨双拐条（存）
【结束】2&4轨双拐条尾",B1101,"【开始】 二轨短条后，四轨拐条第一次右滑时爆
【结束】1&4轨双打后，二轨拐条右滑+三轨长条中间",86.5,A203,"【开始】 197四轨短条尾+二轨单点后，爆三轨单点
【结束】四轨拐条最后一次左拐",43.2,1
perfeicttime perfect time,perfect time,A243,"【开始】二轨左滑键后，爆三轨右滑键
【结束】二轨单点后，2&4轨双打",B376,"【开始】二轨左滑键后，爆三轨二连点
【结束】1&3轨双打后，2&4轨双打",57,B376,"【开始】二轨左滑键后，爆三轨二连点
【结束】1&3轨双打后，2&4轨双打",29,1
playground playground,Playground,A218,"【开始】 216一轨右滑键后，过三轨单点，爆一轨右滑条+五轨单点
【结束】一轨单点+四轨右滑条尾",A345,"【开始】 343四轨左滑键后，过二轨单点，爆一轨单点+五轨左滑条
【结束】二轨左滑条尾+五轨单点",99.8,A218,"【开始】 216一轨右滑键后，过三轨单点，爆一轨右滑条+五轨单点
【结束】一轨单点+四轨右滑条尾",49.9,1
playwopei play 我呸,Play 我呸（50）,B637,"【开始】右手 L 条后，爆第四个2轨单点。（双爆）
【结束】3轨三连点。（非满分）（备注）",,,99,B716,【开始】爆4轨二连点接条,52,1
posuiderenqingting 破碎的人请听,破碎的人请听,A276,"【开始】四轨短条后，爆二轨单点
【结束】1&4轨双条尾",B611,"【开始】四轨单手，爆二轨单点
【结束】四轨单点",55.6,B611,"【开始】四轨单手，爆二轨单点
【结束】四轨单点",27.9,1
Q? Q？,Q？,B816,"【开始】 806起两组双打后，一轨短条按住，爆右滑尾+四轨点
【结束】散点中最后一组双打：1&3轨双打",B1084,"【开始】 1069一轨拐条后，爆二轨短条+四轨左滑键
【结束】三轨右滑条尾+一轨二连点第一个",103.8,B816,"【开始】 806起两组双打后，一轨短条按住，爆右滑尾+四轨点
【结束】散点中最后一组双打：1&3轨双打",53,1
qianqiudiemeng 千秋迭梦,千秋迭梦,A402,"【开始】 四轨短条尾和二轨右滑键后，一轨短条按住过2cb爆
【结束】二轨拐条尾+四轨长条尾",B1023,"【开始】 一轨短条和三轨左滑键后，四轨短条按住过2cb爆
【结束】三轨拐条尾+一轨长条尾",80.7,A402,"【开始】 四轨短条尾和二轨右滑键后，一轨短条按住过2cb爆
【结束】二轨拐条尾+四轨长条尾",40.5,1
qingniao 青鸟,青鸟,A467,【开始】  连续滑键+点后，爆1轨大拐条&4轨点。（存）    【结束】A段结束，2&3轨点。（偷）,B959,【开始】爆2轨左滑条&3轨右滑键            【结束】左手条按住，4轨左滑建。,114,B959,【开始】爆2轨左滑条&3轨右滑键    【结束】左手条按住，4轨左滑建。,57,1
qiniandeai 七年的爱,七年的爱【20、50】,B349,【开始】4轨直条后，马上爆1&3轨双点             【结束】1&4轨双点。,B573,【开始】四个单点后，爆4轨短条（极）        【结束】2&3轨双点。,101,B573,【开始】四个单点后，爆4轨短条（极）     【结束】2&3轨双点。,57,2
qishijingshen 骑士精神,骑士精神,A416,"【开始】 散点后二轨左滑条按住爆四轨右滑条
【结束】一轨单点后，四轨单点",B745,"【开始】 过739cb二轨短条+五轨点后，爆一轨点+四轨右滑条
【结束】四轨左滑键",92.3,A416,"【开始】 散点后二轨左滑条按住爆四轨右滑条
【结束】一轨单点后，四轨单点",49.8,1
quanshini 全是你,全是你,A191,"开始:二轨点接条后，四轨条按住2cb爆
结束:三轨右滑尾",B508,"开始:三轨点接条后，一轨条按住2cb爆
结束:二轨右滑尾",64.2,B508,"开始:三轨点接条后，一轨条按住2cb爆
结束:二轨右滑尾",32.1,1
rainbow rainbow,Rainbow,A315,"【开始】三轨单点接直条按住2cb爆
【结束】三轨右滑尾",B603,"【开始】594一轨直条按住右滑时爆
【结束】三轨条右拐",70.1,B603,"【开始】594一轨直条按住右滑时爆
【结束】三轨条右拐",35.4,1
remembertonight remember tonight,Remember Tonight,A155,"【开始】153cb三轨右滑键后，三轨短条按住2cb爆
【结束】二轨条尾+最后一个四轨单点",B761,"【开始】755cb二轨左滑键+三轨条后，爆一轨点
【结束】四轨单点后，三轨单点",78.5,B761,"【开始】755cb二轨左滑键+三轨条后，爆一轨点
【结束】四轨单点后，三轨单点",39.6,1
renjianzhongzhong 人间种种,人间种种,A554,"【开始】 二轨短条后，过四轨单点，爆四轨拐条第一次左滑（存）
【结束】A段结束，一轨右滑键+五轨单点",B857,"【开始】 二轨短条后过四轨单点，爆四轨拐条第一次左滑
【结束】二轨单点+四轨右滑键后第二个点：5轨点",78,B905,"【开始】 899一轨短条+四轨单点后，爆四轨短条+一轨右滑键
【结束】五轨拐条后，2&5轨双打",38.6,1
rightnow right now,Right Now,B415,"【开始】B开左手调按住，左滑时爆。
【结束】双拐条尾：1&4轨双内滑条。（备注）",B556,"【开始】空气后，1轨条按住，爆右滑时。
【结束】4轨三连点第一个。（非满分）",74,B415,"【开始】B开左手调按住，左滑时爆。
【结束】双拐条尾：1&4轨双内滑条。（备注）",39,1
rollingstar rolling star,Rolling Star*,A509,【开始】1轨拐条第一次右滑时爆（存）     【结束】A段双长条最后两个拐弯。,B1118,【开始】爆2&3轨双长条头   【结束】双右滑时。,108,B1164,【开始】左滑时爆       【结束】双右滑尾。,55,2
rolypoly roly poly,Roly-Poly（非压带极限）,B480,"【开始】 五轨短条后，爆二轨单点
【结束】五轨拐条尾+一轨单点",B576,"【开始】 四轨右滑键后，爆五轨拐条头
【结束】五轨单点后，一轨单点",,B524,"【开始】 五轨左滑键后，一轨拐条按住第一次右滑时爆
【结束】一轨长条中间+第一个五轨单点",37.1,2
rookie rookie,Rookie,A251,【开始】爆2轨单点&4轨条 【结束】第二组1-2-3-4的第一个1轨单点。,B456,【开始】爆1轨条&3轨单点      【结束】右手条后，1轨第二个单点。,84,B456,【开始】爆1轨条&3轨单点【结束】右手条后，1轨第二个单点。,42,1
ruguoyihou 如果以后,如果以后,A316,"【开始】313二轨左滑键后，过四轨单点，三轨短条按住过2cb爆
【结束】二轨拐条后，四轨单点",B586,"【开始】583三轨右滑键后，过一轨单点，二轨短条按住过2cb爆
【结束】三轨拐条后，一轨单点",63.1,B586,"【开始】583三轨右滑键后，过一轨单点，二轨短条按住过2cb爆
【结束】三轨拐条后，一轨单点",31.7,1
run2u run2u,RUN2U,A264（存）,"开始:三轨条后，爆一轨二连点第一个
结束:A段结束
",B452,"开始:四轨条后，爆一轨点
结束:二轨条接近条尾
",64,B452,"开始:四轨条后，爆一轨点
结束:二轨条接近条尾",33.1,1
sanguolian 三国恋,三国恋,A196,"开始:四轨长条按住爆一轨二连点第二个
结束:一轨+四轨双滑尾",B715,"开始:一轨条按住爆第一个四轨单点
结束:二四轨双条尾",92.7,B717,"开始:一轨条按住7cb爆
结束:一四轨拐条双滑尾",48.1,1
santaforyou santa for you,Santa for you,A190,"【开始】 三轨拐条后，一轨拐条按住左滑时爆
【结束】一轨拐条欧，2&4轨双打",B535,"【开始】 二轨二连点后，三轨拐条按住爆右滑尾
【结束】1&3轨双短条尾",65.7,B535,"【开始】 二轨二连点后，三轨拐条按住爆右滑尾
【结束】1&3轨双短条尾",33.6,1
sanyuexinjian 三月信笺,三月信笺,A286,"【开始】 四轨单点后，三轨拐条按住1cb爆
【结束】三轨右滑键",B698,"【开始】 687cb一轨点+三轨条后，过二轨点，二轨拐条按住爆左滑尾
【结束】二轨拐条尾+四轨拐条左滑尾",67.8,A286,"【开始】 四轨单点后，三轨拐条按住1cb爆
【结束】三轨右滑键",33.9,1
shanchuwangji 删除忘记,删除忘记,A192,"【开始】三轨右滑键后，爆二轨单点 
【结束】四轨左滑尾",B720,"【开始】 714cb四轨拐条后，爆一轨单点
【结束】三轨左滑尾",82,B720,"【开始】 714cb四轨拐条后，爆一轨单点
【结束】三轨左滑尾",41.6,1
shandian 闪电,闪电,A191,"【开始】 187cb三轨单点后，过两个二轨左滑键，爆三轨单点
【结束】1&3轨双条尾",B556,"【开始】 四轨二连点后，爆一轨单点
【结束】二轨左滑条尾+三轨条尾",89.5,B556,"【开始】 四轨二连点后，爆一轨单点
【结束】二轨左滑条尾+三轨条尾",45.4,2
shangxiazuoyou 上下左右,上下左右,A638,"【开始】 4轨条起钩子接1轨条按住，爆条中＆3轨┙（存）
【结束】2&4轨双打",B949,"【开始】 三轨单点后，爆一轨单点+三轨拐条
【结束】一轨二连点第二个",104,B949,"【开始】 三轨单点后，爆一轨单点+三轨拐条
【结束】三轨条中间",52.4,1
shanjian 删减,删减,A245,"【开始】三轨短条后，爆二轨单点
【结束】二轨二连点后，一轨单点",B540,"【开始】二轨短条后，爆三轨单点
【结束】三姑二连点后，四轨单点",61,A245,"【开始】三轨短条后，爆二轨单点
【结束】二轨二连点后，一轨单点",30.5,1
shenmeshenme 什么什么,什么什么,A100,【开始】右滑时爆  【结束】4-3-2后，3-2-1第二个点。,B375,【开始】左滑时爆    【结束】1-2-3后，2-3-4第二个点。,80,A100,"【开始】右滑时爆
【结束】4-3-2后，3-2-1第二个点。",40,1
shiori shiori,SHIORI,A384,【开始】爆左手条第一拐：一轨长条右滑+五轨单点  【结束】左手条第五拐：二轨左滑+四轨二连点第一个,B1275,【开始】双滑键后，直接爆四轨长条右滑  【结束】五轨条中+一轨二连点后第一个一轨单点,133.1,B1275,【开始】双滑键后，直接爆四轨长条右滑  【结束】五轨条中+一轨二连点后第一个一轨单点,66.9,1
shitianyi 是天意,是天意,A267,"开始:三轨条按住右滑时爆
结束:二轨单点后，三轨单点",B645,"开始:二轨条按住左滑时爆
结束:三轨单点后，二轨单点",64,B645,"开始:二轨条按住左滑时爆
结束:三轨单点后，二轨单点",32,1
shuixian 水仙,水仙,B790,【开始】过780四轨短条，爆第一对双打：1&3轨双点  【结束】二轨条头+三轨单点,B1081,【开始】过1070两个双打后，爆第四个二轨单点  【结束】三轨二连点第一个,87.3,B790,【开始】过780四轨短条，爆第一对双打：1&3轨双点  【结束】二轨条头+三轨单点,49.3,1
shunzhefengdefangxiang 顺着风的方向,顺着风的方向,A162,"【开始】 二轨左滑键后，过四轨单点，爆三轨单点
【结束】1&4轨双条尾",B679,"【开始】 二轨短条后，三轨右滑条按住左滑时爆
【结束】五轨单点后，四轨单点",81.7,B679,"【开始】 二轨短条后，三轨右滑条按住左滑时爆
【结束】五轨单点后，四轨单点",41,1
sixfeetunder six feet under,Six Feet Under,A216,"【开始】三轨条后，爆一轨拐条
【结束】一轨单点+四轨条左滑",B523,"【开始】三轨条后，爆一轨拐条
【结束】一轨单点+四轨条左滑",65.2,B523,"【开始】三轨条后，爆一轨拐条
【结束】一轨单点+四轨条左滑",33.1,2
skaterboy skater boy,skater boy,B724,"【开始】 715五轨直条后，爆二轨单点
【结束】一轨拐条后，四轨单点",B873,"【开始】 四轨单点后，二轨拐条按住左滑时爆
【结束】拐条后，五轨单点",80,B873,"【开始】 四轨单点后，二轨拐条按住左滑时爆
【结束】拐条后，五轨单点",41.3,1
sorrysorry sorry sorry,sorry sorry,A98,"【开始】五轨条按住左滑时爆
【结束】连续2个滑键后，二轨单点",A345,"【开始】1&3轨双打后，爆2&4轨双打
【结束】双打吃完",99,A345,"【开始】1&3轨双打后，爆2&4轨双打
【结束】双打吃完",50,1
sparkingdaydream sparking daydream,Sparking Daydream（100）,A338,【开始】爆2&3轨双条【结束】4轨单点。,B979,【开始】爆左手下来第一个单点：1轨单点【结束】4轨单点。,112,A338,【开始】爆2&3轨双条       【结束】4轨单点。,56,1
stay stay,STAY,A162,"开始:一轨条按住爆五轨单点
结束:一五轨双条尾",B626,"开始:五轨条按住爆一轨单点
结束:一五轨双条尾",90,A162,"开始:一轨条按住爆五轨单点
结束:一五轨双条尾",45,1
strong strong,strong,A388,【开始】爆第二个一轨条头+三轨单点  【结束】三轨至一轨左滑条头+五轨单点,B1098,【开始】爆第二个三轨单点+五轨条头  【结束】一轨单点+三轨至五轨右滑条头,113.2,A388,【开始】爆第二个一轨条头+三轨单点  【结束】三轨至一轨左滑条头+五轨单点,56.6,1
sweettalker sweet talker,SWEET TALKER,A404,【开始】爆2&3轨双条    【结束】A端结束，2&3轨双外滑建。,B978,【开始】爆1&4轨双条      【结束】4轨点接条按住，2轨左滑建。,112,B978,【开始】爆1&4轨双条              【结束】4轨点接条按住，2轨左滑建。,56,1
takeit take it,Take it,A308,"【开始】 小段空气后，爆2-3-4点第三个：四轨单点
【结束】二轨短条后，1&4轨双打",A418,"【开始】 四轨拐条后，爆二轨拐条左滑尾
【结束】第二组1&3轨双打",105.3,A418,"【开始】 四轨拐条后，爆二轨拐条左滑尾
【结束】第二组1&3轨双打",53,2
tashouheng 他守恒,他守恒,A379（存）,"开始:五轨条按住爆左滑+三轨条
结束:一轨拐条尾",B770,"开始:二轨短条后，爆三轨条+四轨右滑条
结束:二轨二连点后，五轨单点",73,A310,"开始:四轨条后，爆二轨左滑条+三轨条
结束:二四轨条中",36.2,1
telephone telephone,Telephone,A126,"【开始】副歌开，爆2轨左滑条。
【结束】右手拐条后，1轨单点。",B460,"【开始】第一个左匚条：爆右滑尾。
【结束】右手匚条后，4轨三连点。（备注）",62,A126,"【开始】副歌开，爆2轨左滑条。
【结束】右手拐条后，1轨单点。",31,1
tesihezhizan 特斯河之赞,特斯河之赞,A246,"【开始】239一轨拐条后，过三轨点爆一轨点
【结束】2&4轨双条尾，中场",B336,"【开始】B开，爆四轨长条
【结束】一轨单点后，三轨点",77.6,B336,"【开始】B开，爆四轨长条
【结束】一轨单点后，三轨点",39.4,1
theboys the boys,The Boys,B413,"【开始】五轨短条后，爆第三个点：一轨点
【结束】二轨长条尾+四轨单点",B570,"【开始】三轨左滑键后，一轨拐条按住2cb爆
【结束】五轨单点后，二轨单点",86.3,B413,"【开始】五轨短条后，爆第三个点：一轨点
【结束】二轨长条尾+四轨单点",47.5,2
thrillriseheartless thrill rise heartless,"thrill,rise heartless",A470,【开始】459四轨短条后，过一个滑键，爆1轨右滑+四轨条头  【结束】2&4轨长条双右滑,B1358,【开始】一轨C形条右滑尾+四轨右滑键  【结束】二轨条右滑+五轨单点,140.5,A470,【开始】459四轨短条后，过一个滑键，爆1轨右滑+四轨条头  【结束】2&4轨长条双右滑,82.1,1
tianliangyiqianshuozaijian 天亮以前说再见,天亮以前说再见,A226,"【开始】 三轨短条后，爆3&4轨双打
【结束】1&3轨双打",B630,"【开始】 2&3轨双打后，爆二轨左滑条+三轨短条
【结束】3&5双打后，三轨左滑条头+五轨左滑条头",94.2,B630,"【开始】 2&3轨双打后，爆二轨左滑条+三轨短条
【结束】3&5双打后，三轨左滑条头+五轨左滑条头",47.4,2
tiaowudeyueguang 跳舞的月光,跳舞的月光,A263,"【开始】二轨左滑键后，按住一轨条爆条尾+三轨拐条
【结束】一轨右滑键后，2&4轨双打",B823,"【开始】三轨右滑键后，一轨条按住过3cb爆
【结束】三轨拐条最后一拐",81.4,B823,"【开始】三轨右滑键后，一轨条按住过3cb爆
【结束】三轨拐条最后一拐",41.6,1
tiaozhan 挑战,挑战,A165,"【开始】三轨短条后，爆四轨拐条 
【结束】二轨短条中间+三轨拐条尾",B542,"【开始】 三轨短条后，一轨拐条按住第一次右滑时爆
【结束】二轨拐条+三轨短条接近结尾",88,B542,"【开始】 三轨短条后，一轨拐条按住第一次右滑时爆
【结束】二轨拐条+三轨短条接近结尾",44.6,2
timber timber,Timber,B404,"【开始】3轨滑键后，爆1-2-3第一个：1轨单点。
【结束】1轨三连点后，2轨三连点第一个。（备注）",B505,"【开始】2-3-4爆第三个：4轨单点。
【结束】歌曲结束，4轨单点。（备注）",89,B505,"【开始】2-3-4爆第三个：4轨单点。
【结束】歌曲结束，4轨单点。（备注）",48,2
tingdun 停顿,停顿,A316,"【开始】一轨二连点后，爆2&3轨双打
【结束】四轨二连点第一个",B621,"【开始】四轨二连点后，爆2&3轨双打
【结束】一轨二连点第一个",61.4,A316,"【开始】一轨二连点后，爆2&3轨双打
【结束】四轨二连点第一个",30.7,1
tothebeginning to the beginning,to the beginning,A332,【开始】爆第一个2轨短直条     【结束】2&3轨双直条中。,B1144,【开始】第一条+后，4轨直条按住，过2cb爆            【结束】歌曲结束，2&3轨直条尾。,88,B1144,【开始】第一条+后，4轨直条按住，过2cb爆   【结束】歌曲结束，2&3轨直条尾。,46,1
veryveryvery very very very,very very very,A563,【开始】过一轨短条，爆四轨单点  【结束】二轨单点,B1252,【开始】散点过后，爆第四个短直条：一轨条  【结束】1&4轨双点,83.7,B1252,【开始】散点过后，爆第四个短直条：一轨条  【结束】1&4轨双点,42.7,1
victory victory,victory（困难版）,A705,【开始】双拐条内滑后，爆一轨条头+五轨左滑键  【结束】五轨长条第一次左滑,B1280,【开始】过1269五轨拐条，爆第二个二轨单点  【结束】二轨条左滑尾+五轨条中,163.7,B1280,【开始】过1269五轨拐条，爆第二个二轨单点  【结束】二轨条左滑尾+五轨条中,91.3,1
wadada wa da da,WA DA DA ,A218,"【开始】一轨单点接短条后，过三轨单点爆三轨拐条
【结束】三轨拐条最后一拐：三轨左滑",B538,"【开始】二轨单点接短条后，爆四轨二连点第一个
【结束】二轨短条头",79.7,A218,"【开始】一轨单点接短条后，过三轨单点爆三轨拐条
【结束】三轨拐条最后一拐：三轨左滑",42.9,2
wakeup wake up,Wake up！,A224,【开始】爆2&4轨双条（极）    【结束】2轨左滑建。,B825,【开始】爆1轨条&3轨单点    【结束】左手条后，第一组2&4轨双点。,113,A224,【开始】爆2&4轨双条（极）    【结束】2轨左滑建。,59,1
wangfei 王妃,王妃,B405,"【开始】三个滑键后，过双点，爆1&4轨双条。
【结束】第二组双点：1&4轨双点。",B635,"【开始】4个滑键后，爆1轨条。
【结束】歌曲结束，2轨条尾。",76,B635,"【开始】4个滑键后，爆1轨条。
【结束】歌曲结束，2轨条尾。",39,2
wanna wanna,Wanna,A192,"【开始】二轨条后，爆一轨条+四轨右滑条
【结束】三轨短条后，第二个四轨点",B664,"【开始】四轨条后，爆二轨左滑条+五轨条
【结束】三轨短条后，第二个二轨点",84.6,A192,"【开始】二轨条后，爆一轨条+四轨右滑条
【结束】三轨短条后，第二个四轨点",42.3,1
wanxiaheshaonian 晚霞和少年,晚霞和少年,A252,"【开始】一轨短条后，爆三轨单点
【结束】二轨拐条右滑尾",B503,"【开始】四轨短条后，爆二轨单点
【结束】三轨拐条左滑尾",60.6,A253,"【开始】一轨短条后，爆三轨单点
【结束】二轨拐条右滑尾",30.3,1
waytogo way to go,way to go,A249,"【开始】240两组双打后，过二轨左滑键+五轨条，爆条尾一轨点
【结束】1&5轨双条尾",B810,"【开始】800两组双打后，过一轨短条+四轨右滑键，爆条尾五轨点
【结束】1&5轨双条尾",110.6,A249,"【开始】240两组双打后，过二轨左滑键+五轨条，爆条尾一轨点
【结束】1&5轨双条尾",55.3,1
weapon weapon,Weapon,A421,"开始:二轨左滑键后，爆三轨单点
结束:二五轨双打",B994,"开始:四轨右滑键后，爆三轨单点
结束:一四轨双打",103.4,B421,"开始:二轨左滑键后，爆三轨单点
结束:二五轨双打",51.7,1
wendetaibizhen 吻得太逼真,吻得太逼真,B808,"【开始】 四轨拐条后，二轨拐条按住左滑后过1cb爆
【结束】一轨拐条最后一次右滑+三轨拐条右滑尾",B949,"【开始】 二轨拐条后，过小段空气，爆一轨拐条+五轨单点
【结束】五轨拐条中间+二轨单点",100.1,B808,"【开始】 四轨拐条后，二轨拐条按住左滑后过1cb爆
【结束】一轨拐条最后一次右滑+三轨拐条右滑尾",51.3,1
wenxin 问心,问心,B748,"【开始】 一轨单点后，二轨拐条按住过9cb爆
【结束】三轨二连点后，一轨右滑条头",B859,"【开始】 四轨单点后，三轨拐条按住爆二轨左滑条
【结束】1&4轨双拐条接近结尾",89.5,B859,"【开始】 四轨单点后，三轨拐条按住爆二轨左滑条
【结束】1&4轨双拐条接近结尾",50.8,2
westcoast west coast,West Coast,A113,"开始:二轨点接条后，爆三轨二连点第二个
结束:四轨拐条左滑",B457,"开始:1－2－1点后，爆四轨左滑条
结束:一轨条尾+三轨右滑",87.9,B457,"开始:1－2－1点后，爆四轨左滑条
结束:一轨条尾+三轨右滑",44,2
whatdoyoumean what do you mean,What Do You Mean？,B331,"【开始】第一次条加点开，爆1轨条&3轨单点。
【结束】2轨条头&4轨单点。（备注）",B414,"【开始】2轨单点&4轨条后，按住条爆1轨单点。
【结束】1轨条后，3轨二连点。",69,B331,"【开始】第一次条加点开，爆1轨条&3轨单点。
【结束】2轨条头&4轨单点。（备注）",35,2
whatmakesyoubeautiful what makes you beautiful,What Makes You Beautiful,A134,"【开始】两个滑键后，爆2轨二连点。
【结束】1&4轨双点。（双排一样）",B319,"【开始】两个滑键后，爆1轨二连点。
【结束】1&3轨双点。（双排一样）",76,A134,"【开始】两个滑键后，爆2轨二连点。
【结束】1&4轨双点。（双排一样）",38,2
whenimgone when i'm gone,When I'm Gone,A189,"【开始】二轨左滑
【结束】二轨左滑",B465,"【开始】四轨左滑
【结束】四轨左滑",76,B465,"【开始】四轨左滑
【结束】四轨左滑",40,2
whistle whistle,whistle（困难版）,A248,【开始】过四轨长条，爆二轨条头+五轨单点  【结束】2&4轨双条中,B1052,【开始】二轨短条后，过两个滑键，爆1&4轨双右滑条  【结束】1&4轨双条中,86.3,B1052,【开始】二轨短条后，过两个滑键，爆1&4轨双右滑条  【结束】1&4轨双条中,46.2,1
whysolonely why so lonely,Why So Lonely,B878,【开始】爆连续三组双点第三 组：1&2轨双点（左手双指）【结束】右手条按住，左手拐条右滑尾。,B1450,【开始】四个L型条后，3轨条按住，马上右滑时爆 【结束】2轨条中&4轨直条尾。,107,B878,【开始】爆连续三组双点第三组：1&2轨双点（左手双指）    【结束】右手条按住，左手拐条右滑尾。,54,1
wodeweilaishi 我的未来式,我的未来式,A87,【开始】过二轨条，爆第二个单点：三轨单点  【结束】右手大拐条第二次四轨右滑,B463,【开始】过四轨条，爆第二个单点：三轨单点  【结束】左手拐条第二次二轨左滑,91.4,B463,【开始】过四轨条，爆第二个单点：三轨单点  【结束】左手拐条第二次二轨左滑,45.7,1
wojiaochangannijiaoguli 我叫长安你叫故里,我叫长安，你叫故里,B983,"【开始】 973cb二轨拐条按住爆右滑+四轨拐条
【结束】2&4轨双条接近结尾",B1103,"【开始】 三轨右滑键后，爆一轨条
【结束】2&4轨双左滑尾",113.5,B1103,"【开始】 三轨右滑键后，爆一轨条
【结束】2&4轨双左滑尾",60.8,1
wolves wolves,Wolves,A147,"【开始】2轨条按住，爆4轨条。
【结束】2&4轨双条尾。（备注）",B783,"【开始】4轨条后，过2-3轨单点，爆1轨单点。
【结束】2&4轨双条尾。",78,B783,"【开始】4轨条后，过2-3轨单点，爆1轨单点。
【结束】2&4轨双条尾。",41,1
wonderland wonderland,Wonderland,B240,"【开始】B开过两个点，爆3轨单点。
【结束】2&4轨双外滑键。",B351,"【开始】两个C型条后，爆3轨二连点。
【结束】2轨左滑键&4轨条左滑。",73,B240,"【开始】B开过两个点，爆3轨单点。
【结束】2&4轨双外滑键。",37,2
woxiangyaolianggexiyou 我想要两个西柚,我想要两个西柚,A168,"【开始】二轨条后过四轨单点后爆二轨单点
【结束】三轨单点",B399,"【开始】四轨条后爆二轨单点（极限）
【结束】一轨单点",56.8,A168,"【开始】二轨条后过四轨单点后爆二轨单点
【结束】三轨单点",29,2
wozhegaisidemeili 我这该死的魅力,我这该死的魅力,A232,"【开始】229二轨单点后，过三轨单点，集结紧接着三轨短条按住过2cb爆
【结束】一轨单点后，二轨单点",B608,"【开始】三轨短条后，爆二轨左滑键
【结束】二轨短条后，四轨二连点第二个",62,A232,"【开始】229二轨单点后，过三轨单点，集结紧接着三轨短条按住过2cb爆
【结束】一轨单点后，二轨单点",31.1,1
wudi 无敌,无敌,A816,【开始】过一轨单点五轨滑键，爆二轨单点+三轨条头  【结束】2&4轨双条结尾,B1365,【开始】过一轨滑键五轨单点，爆三轨条头+四轨单点  【结束】2&4轨双条结尾,113.8,A816,【开始】过一轨单点五轨滑键，爆二轨单点+三轨条头  【结束】2&4轨双条结尾,56.9,1
wumingderen 无名的人,无名的人,B329,"【开始】二轨短条后过四轨点，爆三轨单点
【结束】一轨短条尾+三轨单点",B426,"【开始】三轨短条后过一轨点，爆二轨单点
【结束】四轨短条尾+二轨点",70,B329,"【开始】二轨短条后过四轨点，爆三轨单点
【结束】一轨短条尾+三轨单点",35,2
wutiaojianhappyending 无条件happy ending,无条件Happy Ending,A395,"【开始】 389cb二轨拐条按住爆右滑尾+五轨拐条
【结束】二轨左滑键+四轨左滑键",B843,"【开始】 四轨单点后，二轨拐条按住右滑时爆
【结束】四轨右滑条尾+二轨单点",91.4,A395,"【开始】 389cb二轨拐条按住爆右滑尾+五轨拐条
【结束】二轨左滑键+四轨左滑键",46.9,1
wuya 乌鸦,乌鸦,B334,"【开始】328一轨短条+三轨单点后，爆2轨条+四轨左滑条
【结束】四轨短条头+三轨单点",B482,"【开始】480二轨左滑键后，过四轨单点爆一轨长条
【结束】四轨单点后，三轨右滑条尾+二轨单点",77.8,B482,"【开始】480二轨左滑键后，过四轨单点爆一轨长条
【结束】四轨单点后，三轨右滑条尾+二轨单点",39.4,2
wuyejiuguan 物业酒馆,午夜酒馆,A248,"【开始】 过242起2-3点后，四轨拐条按住爆左滑尾
【结束】四轨拐条按住爆左滑尾",B498,"【开始】 过492起3-2点后，一轨拐条按住爆右滑尾
【结束】一轨拐条右滑尾",62.8,A248,"【开始】 过242起2-3点后，四轨拐条按住爆左滑尾
【结束】四轨拐条按住爆左滑尾",31.4,1
wuyun 乌云,乌云,A435,"【开始】 四轨单点后，三轨拐条按住爆右滑+二轨单点
【结束】三轨拐条右滑尾+一轨二连点第一个",B1148,"【开始】 1132二轨拐条按住爆条尾+四轨单点
【结束】双拐条后，一轨单点",103.5,B1148,"【开始】 1132二轨拐条按住爆条尾+四轨单点
【结束】双拐条后，一轨单点",53.3,1
xiaoqingge 小情歌,小情歌,B377,"【开始】主歌“唱出我们心头的”后，爆3轨右滑条。
【结束】3轨条中。（备注）",B634,"【开始】第二次副歌，过两单点，爆4轨单点。
【结束】4-3-2第二个：3轨单点。（备注）",75,B377,"【开始】主歌“唱出我们心头的”后，爆3轨右滑条。
【结束】3轨条中。（备注）",39,2
xiaosandeyanhuo 消散的烟火,消散的烟火,A261,"开始:四轨条后，爆一轨单点
结束:二轨条后，四轨单点",B770,"开始:三轨条后，爆四轨单点
结束:三轨条后，一轨单点",62.4,A261,"开始:四轨条后，爆一轨单点
结束:二轨条后，四轨单点",31.2,1
xiaoxingxing 小星星,小星星*（100）,A350,"【开始】1&4轨双短条后，让过一个点，爆3轨单点。
【结束】3轨条尾。",B801,"【开始】1&4轨双短条后，爆2-3-2-3第一个：2轨单点。
【结束】右手拐条汇总：4轨左滑时。",76,B801,"【开始】1&4轨双短条后，爆2-3-2-3第一个：2轨单点。
【结束】右手拐条汇总：4轨左滑时。",41,2
xingfudejiepai 幸福的节拍,幸福的节拍*,B404,"【开始】1&4轨双点后，爆4-3-2第二个：3轨单点。
【结束】1轨条尾&3轨两连点第一个。（非满分）",B467,"【开始】一爆结束过半秒，爆1轨二连点。
【结束】1轨连连的后，3轨二连点第一个。（接近双爆）",60,B467,"【开始】一爆结束过半秒，爆1轨二连点。
【结束】1轨连连的后，3轨二连点第一个。（接近双爆）",30,2
xingyeyuanjin 星夜愿景,星夜愿景,A349,"开始:一轨拐条后，爆一轨单点+五轨拐条
结束:二五轨双打",B682,"开始:五轨条后，爆一轨拐条+五轨单点
结束:一四轨双打",93.4,A349,"开始:一轨拐条后，爆一轨单点+五轨拐条
结束:二五轨双打",46.7,1
xiulianaiqing 修炼爱情,修炼爱情,B547,"【开始】1&4轨双点后，空气后，爆1&4轨双条。
【结束】双点后，3轨三连点第一个。（备注）",B825,"【开始】2&4轨双点后，爆3轨三连点。
【结束】歌曲结束，1&4双条尾。（备注）",84,B825,"【开始】2&4轨双点后，爆3轨三连点。
【结束】歌曲结束，1&4双条尾。（备注）",42,2
xuanwuguodu 炫舞国度,炫舞国度,A109,"【开始】左手倒L后，让过两个点，爆2轨左滑条。
【结束】右手拐条，第二次左滑时。",B340,"【开始】2轨向左滑键后，爆3轨右滑条。
【结束】390左手条，第二次左滑时。",68,B340,"【开始】2轨向左滑键后，爆3轨右滑条。
【结束】390左手条，第二次左滑时。",35,2
xuanwushiguang 炫舞时光,炫舞时光,A143,"【开始】二轨单点后，二轨拐条按住左滑时爆
【结束】一轨二连点后，三轨单点",B700,"【开始】698cb三轨单点后，二轨短条按住2cb爆
【结束】一轨短条后第四个单点：四轨单点",67.4,B700,"【开始】698cb三轨单点后，二轨短条按住2cb爆
【结束】一轨短条后第四个单点：四轨单点",33.8,1
yanghuaqing 氧化氢,氧化氢,A198,"【开始】 五轨拐条后，一轨拐条+四轨右滑键按住爆第一次右滑：一轨右滑
【结束】一轨单点+五轨拐条左滑",A287,"【开始】 一轨右滑键后，二轨拐条按住爆四轨单点
【结束】二轨拐条左滑+五轨二连点第二个",93.2,A198,"【开始】 五轨拐条后，一轨拐条+四轨右滑键按住爆第一次右滑：一轨右滑
【结束】一轨单点+五轨拐条左滑",46.7,1
yanleisusu 眼泪簌簌,眼泪簌簌,B318,"【开始】一轨短条后，爆三轨单点
【结束】一轨单点后，二轨单点",B434,"【开始】428五轨短条后，过二轨单点，爆三轨单点
【结束】二轨单点后，一轨单点",60.9,B318,"【开始】一轨短条后，爆三轨单点
【结束】一轨单点后，二轨单点",30.6,2
yesterday yesterday,YESTERDAY,B594,【开始】爆1轨单点&4轨直条   【结束】第一个1轨单点。,B662,【开始】爆3轨单点  【结束】1轨单点。,70,B594,【开始】爆1轨单点&4轨直条【结束】第一个1轨单点。,37,1
yiwentianhuang 一吻天荒,一吻天荒（20）,B650,【开始】3轨条右滑后&1轨条按住，过0.5-1秒爆   【结束】1&4双条中/尾。,B1161,【开始】1&4轨条双内滑后按住，过0.5-1秒爆【结束】2&3双条中/尾。,127,B1153,"【开始】“不会凋谢的花”爆“花”：1＆4轨双条双内滑时       
【结束】2&3轨双条中。",64,1
yiwupangwuzhiwen 以无旁骛之吻,以无旁骛之吻,B780,"开始:四轨单点后，爆一三轨双打
结束:一轨条尾+四轨左滑键",B909,"开始:二轨单点后，爆三轨单点
结束:二轨左滑键+三轨右滑条头",73.8,B909,"开始:二轨单点后，爆三轨单点
结束:二轨左滑键+三轨右滑条头",38.3,1
yiwupianpian 一舞翩翩,一舞翩翩,A232,"【开始】四轨单点后，爆一轨拐条
【结束】四轨单点接长条",B601,"【开始】一轨拐条后，爆四轨单点
【结束】四轨拐条结尾处",71.9,A232,"【开始】四轨单点后，爆一轨拐条
【结束】四轨单点接长条",36.2,1
yoasobi,ハルジオン,A130,"【开始】四轨点后，爆一轨右滑条“S”
【结束】四轨拐条中间",B525,"【开始】三轨点后，爆一轨拐条
【结束】三轨二连点+四轨条尾，歌曲结束",74,A130,"【开始】四轨点后，爆一轨右滑条“S”
【结束】四轨拐条中间",37.6,2
yoohoo yoohoo,YooHoo,A275,"【开始】三轨单点后，爆二轨左滑条
【结束】一轨右滑尾+四轨左滑尾",A399,"【开始】二轨单点后，爆三轨右滑条
【结束】一轨右滑尾+四轨左滑尾",79.8,A275,"【开始】三轨单点后，爆二轨左滑条
【结束】一轨右滑尾+四轨左滑尾",39.9,1
youdimache 邮递马车,邮递马车,A244,【开始】过二四轨双条，爆四轨右滑条头（存）  【结束】1&5轨双点（偷）,B571,【开始】557左手条后过3个单点，爆2&4轨双点  【结束】2轨右滑键+4轨单点,100.4,B598,【开始】1轨到5轨楼梯条爆中间三轨条右滑  【结束】1&5轨双点,51.8,2
yuju 逾矩,逾矩,A263,"开始:四轨条后，二轨拐条按住左滑时爆
结束:一轨单点",B602,"开始:一轨条后，四轨条按住左滑时爆
结束:四轨单点",62.7,A263,"开始:四轨条后，二轨拐条按住左滑时爆
结束:一轨单点",31.4,1
zaiyunji 在云际,在云际,A152,"【开始】146三轨条后过一轨单点爆二轨点
【结束】四轨左滑尾",B475,"【开始】三轨二连点后，过二轨单点爆二轨短条
【结束】一轨右滑尾",62.8,A152,"【开始】146三轨条后过一轨单点爆二轨点
【结束】四轨左滑尾",32.2,2
zenyangcainengshuoqingcikedexinqing 怎样才能说清此刻的心情,怎样才能说清此刻的心情,A291,"【开始】双直条后过三个点，爆2轨左滑条&4轨点。
【结束】A段结石，1&3轨双直条为。（双排一样）",B503,"【开始】双直条后过三个点，爆1轨点&3轨右滑条。
【结束】2&4轨双长条尾。（双排一样）",74,A291,"【开始】双直条后过三个点，爆2轨左滑条&4轨点。
【结束】A段结石，1&3轨双直条为。",37,2
zhaoyang 昭阳,昭阳,A487,"开始:二轨条头+三轨右滑按住4cb爆
结束:一轨二连点第二个+三轨右滑",B1200,"开始:三轨左滑条+四轨拐条按住4cb爆
结束:三轨条左滑+五轨二连点第二个",107.8,B1200,"开始:三轨左滑条+四轨拐条按住4cb爆
结束:三轨条左滑+五轨二连点第二个",53.9,1
zheyangbusuanai 这样不算爱,这样不算爱,A242,"【开始】236二轨短条后，爆四轨点
【结束】三轨二连点后，二轨点",B622,"【开始】617三轨短条后，爆一轨点
【结束】二轨二连点后，三轨点",59.2,A242,"【开始】236二轨短条后，爆四轨点
【结束】三轨二连点后，二轨点",29.6,1
zhidaoshijiezhongjie 直到世界终结,直到世界终结（困难版）,B484,【开始】五轨条按住，过四轨单点爆四轨左滑楼梯条  【结束】二轨条左滑+三轨单点,B952,【开始】927大拐条后的第六对双点：1&3轨双点  【结束】一轨条按住，吃到三轨右滑键,113,B952,【开始】927大拐条后的第六对双点：1&3轨双点  【结束】一轨条按住，吃到三轨右滑键,60.6,1
zhiwen 指纹,指纹,B673,"开始:空气后，一轨条按住右滑时爆
结束:二轨左滑键",B779,"开始:空气后，二轨条按住左滑时爆
结束:二轨条左滑",62.3,B779,"开始:空气后，二轨条按住左滑时爆
结束:二轨条左滑",31.2,1
zhiyouniwo 只有你我,只有你我,A217,"开始:三轨条后，爆一轨单点
结束:二轨单点",A281,"开始:二轨条后，爆四轨单点
结束:三轨单点",66.8,A281,"开始:二轨条后，爆四轨单点
结束:三轨单点",33.4,1
zhuore 灼热,灼热,B1020,【开始】四轨条按住，爆一轨单点，接4轨左滑+2轨点  【结束】一轨单点+三轨右滑,B1224,【开始】过三轨右滑，四轨条按住，爆一轨单点  【结束】刺刀第一对双点：2&5轨双点,132.5,B1020,【开始】四轨条按住，爆一轨单点，接4轨左滑+2轨点  【结束】一轨单点+三轨右滑,72.7,1
zuishachang 醉沙场,醉沙场,A261,"【开始】二轨短条后，过四轨点，爆一轨点
【结束】散点结束（三轨）",B624,"【开始】三轨短条后，过一轨点，爆四轨点
【结束】散点结束（二轨）",65,A261,"【开始】二轨短条后，过四轨点，爆一轨点
【结束】散点结束（三轨）",32.5,1
zuoguilian 做鬼脸,做鬼脸,B753,【开始】一轨短条后，直接爆五轨二连点加条  【结束】三轨条尾,B992,【开始】一轨按住，过2cb爆  【结束】3&5轨双条结尾,100.4,B992,【开始】一轨按住，过2cb爆  【结束】3&5轨双条结尾,50.1,1
zuotianjintian 昨天今天,昨天今天,A98,"【开始】四轨单点后，一轨拐条按住右滑时爆
【结束】五轨拐条左滑尾",B350,"【开始】一轨单点后，五轨轨条按住爆二轨拐条
【结束】四轨拐条右滑",84.9,B350,"【开始】一轨单点后，五轨轨条按住爆二轨拐条
【结束】四轨拐条右滑",48.8,2
Abracadabra,Abracadabra,A146,"【开始】141cb二轨左滑键后，三轨拐条按住爆右滑尾【结束】四轨左滑尾",B551,"【开始】546cb三轨短条后爆一轨+四轨双打
【结束】二轨二连点第二个",64.8,146,"【开始】141cb二轨左滑键后，三轨拐条按住爆右滑尾【结束】四轨左滑尾",33.8,1
bieshanduo 别闪躲,别闪躲,A265,"【开始】255cb二轨拐条后爆第一个三轨单点【结束】三轨单点",B576,"【开始】566cb三轨拐条后爆第一个二轨单点【结束】二轨单点",63.4,B576,"【开始】566cb三轨拐条后爆第一个二轨单点【结束】二轨单点",31.7,1
feelingu Feeling U,Feeling U,A258,"【开始】1-2-3点后，一轨右滑条按住第一次左滑时爆【结束】二轨左滑条中",B665,"【开始】四轨单点后，二轨左滑条按住右滑时爆【结束】一轨单点",88.2,A258,"【开始】1-2-3点后，一轨右滑条按住第一次左滑时爆【结束】二轨左滑条中",45.5,1
fenshouxin 分手信,分手信,A141,"【开始】四轨单点后爆二轨单点【结束】二轨拐条后，三轨右滑键",B：448,"【开始】一轨单点后，爆三轨单点
【结束】三轨拐条后，二轨左滑键",57,B448,"【开始】一轨单点后，爆三轨单点【结束】三轨拐条后，二轨左滑键",28.5,1
huanghouyumengxiang 皇后与梦想,皇后与梦想,B：259,"【开始】B开爆第一个点，四轨单点【结束】三轨两连点第一个",B360,"【开始】353cb一轨点接条后，过三轨点，爆二轨单点【结束】四轨两连点后，三轨单点",65.2,B261,"【开始】B开爆第三个点，四轨点【结束】三轨两连点后，一轨单点",32.7,1
jishizhidaoyaojianmian 即使知道要见面,即使知道要见面,A317,"【开始】310cb四轨条后，爆一轨右滑条【结束】二轨条中",B594,"【开始】587cb一轨条后，爆四轨左滑条【结束】三轨条中",78.2,B594,"【开始】587cb一轨条后，爆四轨左滑条【结束】三轨条中",39.1,1
nimingdehaoyou 匿名的好友,匿名的好友,A351（存气）,"【开始】四轨条后，一轨拐条按住过7cb爆【结束】a段结束，三轨单点",B574,"【开始】三轨两连点后，爆二轨左滑条【结束】一轨+三轨双条尾",79.3,B590,"【开始】二轨右滑尾后，爆一轨单点+三轨右滑条【结束】一轨+三轨双条尾",38.3,2
qinggeliangsanshou 情歌两三首,情歌两三首,B602,"【开始】一轨短条后，爆四轨单点接短条【结束】三轨条中",B692,"【开始】二轨短条后，爆三轨二连点第一个【结束】二轨拐条左滑",59.5,B692,"【开始】二轨短条后，爆三轨二连点第一个【结束】二轨拐条左滑",30.4,1
retiepifangdingdexiatian 热铁皮房顶的夏天,热铁皮房顶的夏天,A236,"【开始】231cb三轨短条按住，爆条尾+一轨两连点第一个【结束】四轨单点后，二轨单点",B530,"【开始】56cb二轨短条按住，爆条尾+四轨两连点第一个【结束】一轨单点后，三轨单点",69.9,B530,"【开始】56cb二轨短条按住，爆条尾+四轨两连点第一个【结束】一轨单点后，三轨单点",35.6,1
seve,Seve,A142,"【开始】138cb一轨右滑条按住爆左滑（二轨左滑）【结束】二轨左滑条第一次右滑",B474,"【开始】470cb二轨左滑条按住，爆第一次右滑（一轨右滑）
【结束】一轨拐条中间（二轨左滑）",89.2,B474,"【开始】470cb二轨左滑条按住，爆第一次右滑（一轨右滑）【结束】一轨拐条中间（二轨左滑）",46.5,2
shangxinchengshi 伤心城市,伤心城市,A291,"【开始】三轨短条后，一轨拐条按住右滑时爆【结束】一轨拐条右滑",B684,"【开始】一轨条后，爆二轨两连点第一个【结束】二轨单点",57.7,B684,"【开始】一轨条后，爆二轨两连点第一个【结束】二轨单点",29.4,1
suweimoumian 素未谋面,素未谋面,A132,"【开始】四轨单点后，爆一轨单点+四轨短条【结束】三轨拐条右滑尾",B518,"【开始】516cb一轨单点后，爆第二个二轨单点【结束】三轨右滑尾",61.7,B518,"【开始】516cb一轨单点后，爆第二个二轨单点【结束】三轨右滑尾",31,1
turanyichangyu 突然一场雨,突然一场雨,A252,"【开始】二轨两连点后，三轨拐条按住过2cb爆【结束】四轨点",B431,"【开始】四轨单点后，爆二轨单点【结束】四轨拐条尾",61.6,A252,"【开始】二轨两连点后，三轨拐条按住过2cb爆【结束】四轨点",31.3,2
wanfengkuaidi 晚风快递,晚风快递,B272,"【开始】266cb一轨短条后，爆五轨单点【结束】一轨单点",B399,"【开始】三轨单点后，爆二轨+四轨双打【结束】二轨拐条左滑",59.7,B272,"【开始】266cb一轨短条后，爆五轨单点【结束】一轨单点",30.5,1
weifengchui 微风吹,微风吹,A278,"【开始】四轨两连点后，三轨拐条按住2cb爆【结束】一轨+三轨双条",B673,"【开始】一轨两连点后，二轨拐条按住2cb爆【结束】二轨+四轨双条",60.3,B673,"【开始】一轨两连点后，二轨拐条按住2cb爆【结束】二轨+四轨双条",30.3,1
wurendehaibian 无人的海边,无人的海边,A177,"【开始】四轨单点后，四轨拐条按住过6cb爆【结束】三轨右滑尾",B512,"【开始】一轨单点后，一轨拐条按住过6cb爆【结束】二轨左滑尾",57.8,B512,"【开始】一轨单点后，一轨拐条按住过6cb爆【结束】二轨左滑尾",28.9,1
yangwang 仰望,仰望,A219,"【开始】217cb二轨拐条按住第一次左滑时爆【结束】一轨单点+四轨",B598,"【开始】590cb二轨左滑条第一次右滑后，按住过3cb爆【结束】四轨左滑尾",103.7,B598,"【开始】590cb二轨左滑条第一次右滑后，按住过3cb爆【结束】四轨左滑尾",52.2,2
yuyi 羽翼,羽翼,A199,"【开始】三轨短条后，爆一轨两连点第一个【结束】二轨短条后",B544,"【开始】一轨单点后，爆二轨短条【结束】三轨短条尾+一轨单点",65.3,B544,"【开始】一轨单点后，爆二轨短条【结束】三轨短条尾+一轨单点",32.6,1
animal,Animal,A381,"【开始】371cb一轨+三轨双条后，爆二轨+四轨双打【结束】a段结束二轨",B550,"【开始】三轨单点后，爆二轨拐条【结束】三轨拐条最后一拐（四轨左滑）",90,B550,"【开始】三轨单点后，爆二轨拐条【结束】三轨拐条最后一拐（四轨左滑）",45.5,1
doughnut,Doughnut,A305（存）,"【开始】二轨单点后，爆二轨条左滑尾【结束】a段结束，四轨右滑尾",B689,"【开始】二轨+五轨双打后，过四轨点，爆三轨单点【结束】三轨条中",79.6,B695,"【开始】四轨点后，爆四轨拐条【结束】三轨条中",39.7,2
fantasyworld fantasy world,Fantasy World,A327,"【开始】322cb一拐短条后，爆四轨单点接二轨+四轨双打【结束】三轨右滑键后，第二个三轨单点",B708,"【开始】703cb四轨短条后，爆一轨单点接一轨+三轨双打【结束】二轨左滑键后，第二个二轨单点",84.4,A330,"【开始】二轨+四轨双打后，爆二轨左滑键+三轨右滑条【结束】三轨单点后，二轨单点",42.2,1
guanbushangdechuang 关不上的窗,关不上的窗,A541（存）,"【开始】534cb二轨条+五轨单点后，爆二轨单点+五轨短条【结束】a段结束",B930,"【开始】924cb二轨+四轨双拐按住过6cb爆【结束】二轨+四轨双打",90.9,B925,"【开始】918cb二轨点+五轨条后，爆二轨+四轨双拐条【结束】一轨单点+五轨左滑条头",45.4,1
huxijueding 呼吸决定,呼吸决定,A360,"【开始】二轨左滑键后，爆第二个三轨单点【结束】a段结束，一轨单点",B670,"【开始】二轨单点后，爆二轨点+三轨条【结束】二轨条中+第二个四轨单点",65,B670,"【开始】二轨单点后，爆二轨点+三轨条【结束】二轨条中+第二个四轨单点",32.5,1
lairenjian 来人间,来人间,A251,"【开始】246cb四轨短条后，爆一轨右滑条【结束】二轨左滑键",B744,"【开始】739cb一轨短条后，爆四轨左滑条【结束】三轨右滑键",90.6,A251,"【开始】246cb四轨短条后，爆一轨右滑条【结束】二轨左滑键",45.3,1
liulangrensheng 流浪人生,流浪人生,A327,"【开始】四轨短条后，爆二轨左滑键+三轨两连点第一个【结束】三轨单点",B785,"【开始】一轨短条后，爆二轨两连点第一个+三轨右滑键【结束】二轨单点",91,A327,"【开始】四轨短条后，爆二轨左滑键+三轨两连点第一个【结束】三轨单点",45.5,1
mailang 麦浪,麦浪,A258,"【开始】过255cb起4-3-2点后，爆三轨两连点第一个【结束】四轨两连点",B574,"【开始】过571cb起1-2-3点后，爆二轨两连点第一个【结束】一轨两连点",68.4,B574,"【开始】过571cb起1-2-3点后，爆二轨两连点第一个【结束】一轨两连点",34.2,1
quandouhuihaoqilaide 全都会好起来的,全都会好起来的,A257,"【开始】一轨两连点后，爆三轨单点【结束】一轨右滑条+三轨右滑尾",B678,"【开始】四轨两连点后，爆二轨单点【结束】二轨左滑尾+四轨左滑条",97.1,B678,"【开始】四轨两连点后，爆二轨单点【结束】二轨左滑尾+四轨左滑条",48.7,1
Runaway,Runaway,A358,"【开始】354cb一轨右滑条按住左滑时爆【结束】二轨单点",B654,"【开始】643cb一轨点接拐条后，爆四轨拐条【结束】一轨+三轨双条",82.2,A353,"【开始】双条后，过3-2-1点，爆三轨点【结束】一轨三连点第三个",42.4,1
shimiandeye 失眠的夜,失眠的夜,B583,"【开始】四轨两连点后，爆二轨左滑条【结束】一轨条尾",B682,"【开始】三轨单点后，一轨拐条按住右滑时爆【结束】四轨单点",73.7,B583,"【开始】四轨两连点后，爆二轨左滑条【结束】一轨条尾",37.2,1
"thetakeoverthebreaksover The take Over, The Breaks Over","The Take Over, The Breaks Over",A127,"【开始】一轨单点后，爆三轨拐条【结束】一轨条头+三轨右滑键",B897,"【开始】二轨拐条后，爆三轨右滑条【结束】第二组一轨+三轨双打",115.1,B897,"【开始】二轨拐条后，爆三轨右滑条【结束】第二组一轨+三轨双打",57.8,1
timelapse time lapse,Time Lapse,A124,"【开始】121cb二轨左滑键后，过两个单点，爆一轨右滑条【结束】四轨拐条头",B551,"【开始】二轨单点后，一轨短条按住爆条尾+三轨点【结束】二轨左滑条头",72.3,B551,"【开始】二轨单点后，一轨短条按住爆条尾+三轨点【结束】二轨左滑条头",36.2,1
weifengqiaoqiao 微风悄悄,微风悄悄,B641,"【开始】小段空气后，过两个单点，爆一轨+四轨两组双打【结束】二轨点+四轨短条头",B1068,"【开始】一轨拐条后，爆二轨+四轨双打【结束】一轨条中",84.8,B641,"【开始】小段空气后，过两个单点，爆一轨+四轨两组双打【结束】二轨点+四轨短条头",45.4,1
