ID,SONG,DOT1,DISC1,DOT2,DISC2,DOUBLE,DOT,DISC,SINGLE,ABI
aimei 暧昧,暧昧スクリーム,A446,"【开始】两对双打后，过四个散点爆左手单长条
【结束】踩右手条接到左手单长条开头",B909,"【开始】高潮中间单条后，爆右手白球
【结束】左手单长条开头。（双排同分",72,B909,"【开始】高潮中间单条后，爆右手白球
【结束】左手单长条开头。（双排同分",36,1
aitouluowang 爱投罗网,爱投罗网,B205,"【开始】B开两次右手滑球后，爆第二个左手普通球
【结束】踩右手条接到左手白球",B295,"【开始】rap开始，爆第二个左手滑球
【结束】连续无五组三连点，吃完第三组",67,B205,"【开始】B开两次右手滑球后，爆第二个左手普通球
【结束】踩右手条接到左手白球",34,1
aiwushe 爱无赦,爱无赦,A282,"【开始】277右条后，爆左单点
【结束】左白球",B660,"【开始】655左条后， 爆右白球
【结束】右二连点结束",73,B660,"【开始】655左条后， 爆右白球
【结束】右二连点结束",36.7,1
aizaibuyuanchu 爱在不远处,爱在不远处,A323,"【开始】313左起第三个条（左）
【结束】左白球",B653,"【开始】644右起第三个条（右）
【结束】右白球",65.7,·,"【开始】644右起第三个条（右）
【结束】右白球",33,1
AKB48,キミがいたしるし,A75,"【开始】68右手条后爆第三个单点（左）
【结束】左滑球",A146,"【开始】140左长条后，爆右白球
【结束】右白球",75.8,A75,"【开始】68右手条后爆第三个单点（左）
【结束】左滑球",39.3,1
anicca anicca,Anicca,A276,"【开始】267左条按住，爆右二连点第二个
【结束】右白球",B653,"【开始】644右条按住，爆左二连点第二个
【结束】左白球",73.8,A276,"【开始】267左条按住，爆右二连点第二个
【结束】右白球",36.9,1
anjing 安静,安静,A464,"【开始】457左单点+右条后，过左单点爆左条+右单点（存）
【结束】双打，A段结束（偷）",B897,"【开始】894右单点后，左单点+右条的条按住1cb爆
【结束】右单点",74.2,A382,"【开始】377左条+右点按住，爆条尾+右单点
【结束】双打",37.1,1
appleisa apple is a,Apple Is A,A184,"【开始】小段空气后，爆左手普通球（紧接双打）（存）
【结束】A段结束，连续两队双打（偷）",B316,"【开始】连续两根单长条，踩312右手条爆左手普通球
【结束】歌曲结束，双打（偷）",71,A127,"【开始】右手二连点
【结束】右手白球紧接着的右手二散点的第一个",36,2
baby baby,Baby,A142,"【开始】副歌第一句末，踩134右手条爆左手白球
【结束】右手二连点后，左手普通球",A214,"【开始】二次副歌第一句末，踩206左手条爆右手白球
【结束】左手二连点后，右手普通球",67,A142,"【开始】副歌第一句末，踩134右手条爆左手白球
【结束】右手二连点后，左手普通球",34,2
babyboy baby boy,Baby Boy,B444,"【开始】第二次高潮，爆左手普通球（紧接双白球）。
【结束】连续两个白球（右手结束）。",B698,"【开始】第三次高潮，爆左手普通球（紧接双白球）。
【结束】连续两个左手白球。",86,B444,"【开始】第二次高潮，爆左手普通球（紧接双白球）。
【结束】连续两个白球（右手结束）。",44,1
badgirls bad girls,Bad Girls,B393,"【开始】391左滑球后，过右单点，爆左白球
【结束】右三连点结束（阶级双爆",B444,"【开始】440左滑球后，过右三连点（一爆结束），爆左三连点
【结束】左单点+右条尾（接近双爆）",65.5,B393,"【开始】391左滑球后，过右单点，爆左白球
【结束】右三连点结束（阶级双爆",33,1
baiqishi 白骑士,白骑士*,B347,"【开始】右手滑球后，过两个散点爆左手单长条
【结束】连续两根长条后，左手白球",B549,"【开始】542右手条后，爆左手普通球
【结束】双长条后，左手普通球",63,B347,"【开始】右手滑球后，过两个散点爆左手单长条
【结束】连续两根长条后，左手白球",32,1
baofu 包袱,包袱,B332,"【开始】330左滑球后过左单点，爆左起2个白球
【结束】左白球",B425,"【开始】423左滑球后爆第2个左单点
【结束】右条后第2个左单点",61.3,B332,"【开始】330左滑球后过左单点，爆左起2个白球
【结束】左白球",31.5,2
barbarbar bar bar bar,bar bar bar,A195,"【开始】188左直条按住爆条尾+右条头
【结束】左白球",B537,"【开始】533左右两个滑球后，过左单点爆右白球
【结束】右白球",68.3,A195,"【开始】188左直条按住爆条尾+右条头
【结束】左白球",34.3,1
bei 悲,悲,A268,"【开始】247起，踩第二根右手条爆条尾左手点
【结束】踩右手条尾吃到左手白球",B565,"【开始】连续散点后，踩左手条爆条尾右手点
【结束】踩左手条尾吃到右手点",76.9,B565,"【开始】连续散点后，踩左手条爆条尾右手点
【结束】踩左手条尾吃到右手点",38.9,1
bemybaby be my baby,Be My Baby,A275,"【开始】导歌第三次，两个滑球后，爆左手普通球
【结束】一段空气后，左手普通球第一个",B521,"【开始】右手条+左单点后，爆右手普通球
【结束】第一组双打",73,A275,"【开始】导歌第三次，两个滑球后，爆左手普通球
【结束】一段空气后，左手普通球第一个",37,1
biaobai 表白,表白,B233,"【开始】B开，左手二散点直接爆
【结束】踩左手条接到右手普通球",B527,"【开始】519左手条按住过8cb开爆气
【结束】歌曲结束，左手普通球",75,B527,"【开始】519左手条按住过8cb爆
【结束】歌曲结束，左手普通球",38,2
biaoguoyiti 表裹一体,表裹一体,B573,"【开始】 567左条后，过右单点，爆右条
【结束】左三连点后的双压",B773,"【开始】 768左条后，爆右起连续二连点
【结束】左滑球",104.6,B773,"【开始】 768左条后，爆右起连续二连点
【结束】左滑球",52.5,1
bingbing bing bing,Bing Bing,A139,"【开始】踩135左手条爆右手普通球
【结束】右手白球",B577,"【开始】连续两个右手滑球后，爆左手二连点
【结束】右手条+左手滑球后，右手普通球",63,B577,"【开始】连续两个右手滑球后，爆左手二连点
【结束】右手条+左手滑球后，右手普通球",33,1
bingbing 冰冰,冰冰,A124,"【结束】散点中右滑球后，爆左单点
【结束】双条结束",B626,"【开始】616左条后过散点，爆左条+右单点
【结束】左二连点第1个",83.5,B626,"【开始】616左条后过散点，爆左条+右单点
【结束】左二连点第1个",42,1
blackbird black bird,Black Bird,A148,"【开始】142左滑球后过右条，爆双打
【结束】右条尾+左单点",B645,"【开始】638右白球后，按住左条，爆右单点
【结束】右单点",69.5,A148,"【开始】142左滑球后过右条，爆双打
【结束】右条尾+左单点",35,1
blessu bless u,Bless U,A66,"【开始】右滑球后，爆左二连点
【结束】右条吃完",B279,"【开始】275左滑球后，过右二连点，爆第二个左单点
【结束】右白球",55.1,B279,"【开始】275左滑球后，过右二连点，爆第二个左单点
【结束】右白球",28.2,1
bonamana bonamana,BONAMANA*,B255,"【开始】244左手条后，爆右手白球
【结束】散点结束后，右手单长条开头",B308,"【开始】副歌开始，右手白球后爆左手三连点第三个
【结束】右手三连点后，过左手单点接到右手白球",71,B308,"【开始】副歌开始，右手白球后爆左手三连点第三个
【结束】右手三连点后，过左手单点接到右手白球",36,2
bopeepbopeep bo peep bopeep,Bo Peep Bo Peep,A30,"【开始】踩26左手条爆右手二连点
【结束】下次左手条后，第三次右手连续二散点第一个",B432,"【开始】420右手条后，过两组二连点爆连续两个散点第二个
【结束】左手白球后，左手单点（散点全部吃完）",81,B431,"【开始】420右手条后，过两组二连点爆连续两个散点第一个
【结束】左手白球后，左手单点（散点全部吃完）",41,2
boys boys,Boys,A223,"【开始】第二波第三次“boys”，爆左手单长条
【结束】右手白球",B363,"【开始】357左手条按住过6cb开爆气（右手白球落下前）
【结束】连续两次条+点后，右手滑球",57,B387,"【开始】377左手条+右滑球后，爆右手白球
【结束】右手滑球后，过左单点接到永远是白球",30,1
braveheart brave heart,Brave Heart,A333,"【开始】右手单长条后，爆右手白球（接近双爆）
【结束】右手普通球",A384,"【开始】一爆结束过一个左单点立刻爆右手白球（接近双爆）
【结束】A段结束，双打",65,A384,"【开始】右手白球
【结束】A段结束，双打",33,1
brightspring bright spring,Bright Spring,A183,"【开始】第二波副歌，第二根右手条（181）按住过2cb爆
【结束】吃完左手二连点",B348,"【开始】左手三连点后，爆右手单长条
【结束】右手连续两个白球后，左手普通球",65,B348,"【开始】左手三连点后，爆右手单长条
【结束】右手连续两个白球后，左手普通球",32,1
bubblepop bubble pop,Bubble Pop！,A219,"【开始】第一次高潮第三句，左手滑球后爆左手普通球。
【结束】踩左手条接到右手白球。",B530,"【开始】第二次高潮第三句，左手滑球后爆右手普通球。
【结束】左手白球（散点全部吃完）。「备注」",70,A219,"【开始】第一次高潮第三句，左手滑球后爆左手普通球。
【结束】踩左手条接到右手白球。",36,1
bukezudang 不可阻挡,不可阻挡,A317,"【开始】306左右两条，过左单点，爆右二连点（存）
【结束】左单点，中场",B670,"【开始】663左条+右单后，，过右单，爆左单
【结束】双打",70.5,B589,"【开始】579右左两条后，爆右单点
【结束】右单点",35.3,1
butterfly futter fly,Butter Fly,A402,"【开始】A段末“oh my love”oh时爆右条&左滑球。（存）
【结束】A段结束，左手普通球。（偷）",B918,"【开始】B段末“oh my love“love左手单长条直接爆。
【结束】歌曲结束，踩右手条接到左单点。（偷）",89,B923,"【开始】踩第三根条（918左）爆右手白球
【结束】踩右手条接到左手普通球",45,1
caibutou 猜不透,猜不透,A420,"【开始】左白球后，过空气，爆左单点接左滑球+右单点
【结束】右长条按住吃到最后一个左单点",B782,"【开始】右白球后，过空气，爆右单点后的左单点+右滑球
【结束】左单点+右长条头",64,B782,"【开始】右白球后，过空气，爆右单点后的左单点+右滑球
【结束】左单点+右长条头",32.4,1
candypop candy pop,Candy Pop,A269,"【开始】双白球后第二次副歌，爆右滑球&左手普通球（存）
【结束】A段结束，双打。",B504,"【开始】两次条加点后第一次副歌，爆右手滑球。
【结束】两对双打后的双滑球",73,A211,"【开始】高潮两组双打后，爆左手滑球
【结束】两组双打后，双滑球",36,1
caomeishufulei 草莓舒芙蕾,草莓舒芙蕾,B488,"【开始】478右条后，过左单点，爆右起连续三连点
【结束】右三连点第二个",B634,"【开始】632右二连点后，爆左起3个白球
【结束】左二连点结束",81,B488,"【开始】478右条后，过左单点，爆右起连续三连点
【结束】右三连点第二个",42,1
castlewalls castle walls,Castle Walls,A473,"【开始】462右、左2个条后过右单点，爆双点（存）
【结束】双点",B574,"【开始】B571右白球后过左二连点，爆右二连点
【结束】双点",79.5,B572,"【开始】571右白球后，爆左二连点
【结束】左白球",40,1
change change,chAngE,A53,"【开始】A段开头间奏，爆右手第二次白球
【结束】几个普通球后，左手白球",A225,"【开始】按住216左手条，爆右手第二个普通球。
【结束】踩右手条接到左手白球。",77,A53,"【开始】A段开头间奏，爆右手第二次白球
【结束】几个普通球后，左手白球",40,1
changemyworld change my world,change！ my world,A367,"【开始】363双条按住过4cb爆
【结束】左白球",B951,"【开始】945左条后，过右滑球爆右单点
【结束】左滑球",79.1,A367,"【开始】363双条按住过4cb爆
【结束】左白球",39.9,1
chaoxilianshangyueliang 潮汐恋上月亮,潮汐恋上月亮,A195,"【开始】188左条，过右左两单点，爆右白球
【结束】双条结束",B468,"【开始】右白球后，爆左滑球
【结束】左滑球",56.6,B468,"【开始】右白球后，爆左滑球
【结束】左滑球",28.7,1
chenxiang 沉香,沉香,A279,"【结束】269左条+右单点后，爆右条（存）
【结束】右单点",B476,"【开始】461左条后按住右条，爆第2个左单点（密）
【结束】右白球",63,B474,"B461左条后按住右条，爆左散点（密）
【结束】左单点",32.8,1
chuangqianmingyueguang 床前明月光,床前明月光,B260,"【开始】过散点（左），爆右二连点
【结束】右二连点后的左单点",B354,"【开始】349左条后，爆右条
【结束】左二连点结束",60.9,B354,"【开始】349左条后，爆右条
【结束】左二连点结束",31.8,2
clear clear,CLEAR,A248,"【开始】副歌中间，爆第一个白球（左）。（极）
【结束】散点后，第二组双打。（偷）（双排一样）",B551,"【开始】副歌中间，爆第一个白球（右）。（极）
【结束】散点后，第二组双打。（偷）（双排一样）",77,A248,"【开始】副歌中间，爆第一个白球（左）。（极）
【结束】散点后，第二组双打。（偷）（双排一样）",39,1
congqianshuo 从前说,从前说,A138,"【开始】133右条后，爆左白球
【结束】右条头",B456,"【开始】453左条按住，爆条尾+右单点
【结束】左3散点第二个",75.2,B456,"【开始】453左条按住，爆条尾+右单点
【结束】左3散点第二个",38.7,2
cradles cradles,Cradles,A242,"【结束】237左滑球后，爆第2组双点（极）
【结束】左白球后的第2组双点",B787,"【开始】785右滑球后过左二连点，爆双点（极）
【结束】左白球",71,B787,"【开始】785右滑球后过左二连点，爆双点（极）
【结束】左白球",36,1
crazy,Crazy,A356,"【开始】354右滑球后，过左单点，爆右二连点
【结束】右白球",B435,"【开始】431右二连点后，爆第三个单点（左）
【结束】散点结束（左）",80.5,B435,"【开始】431右二连点后，爆第三个单点（左）
【结束】散点结束（左）",40.5,1
createch crea tech,Crea-Tech,A481,"【开始】462右手滑球后爆第三个白球（左手）
【结束】右手白球（倒数第二个）",B558,"【开始】B开，左手滑球
【结束】左手滑球",153.5,A481,"【开始】462右手滑球后爆第三个白球（左手）
【结束】右手白球（倒数第二个）",80.5,1
crossingfield crossing field,Crossing Field,B973,"【开始】B段第一次高潮中间，两对双打之间的右手滑球。
【结束】左手单长条+右手普通球（条结束）。",B1059,"【开始】B段第二次高潮快结束，爆第二个左手白球。
【结束】右手长条结束&左手第二个白球。",67,B1059,"【开始】B段第二次高潮快结束，爆第二个左手白球。
【结束】右手长条结束&左手第二个白球。",34,1
daoying 倒影,倒影,A194,"【开始】189右条后，爆左白球
【结束】右二连点后的左单点",B489,"【开始】479右左两条后，爆右白球（假）
【结束】左二连点结束",65,A194,"【开始】189右条后，爆左白球
【结束】右二连点后的左单点",33,1
dayishujia 大艺术家,大艺术家（困难版）,B735,"【开始】双长条后，爆左手二连点
【结束】散点中，吃到右手普通球",B1000,"【开始】右手条按住，爆左手普通球（紧接白球）（极）
【结束】第二次右手普通球&左滑球",96,B735,"【开始】双长条后，爆左手二连点
【结束】散点中，吃到右手普通球",50,1
dearfuturehusband dear future husband,Dear Future Husband,A237,"【开始】高潮中间，连续三根单长条后，爆右手白球。
【结束】踩右手条接到左手滑球。",B551,"【开始】连续三根单长条后，爆右手白球。
【结束】右手滑球。",67,B551,"【开始】连续三根单长条后，爆右手白球。
【结束】右手滑球。",35,1
dengwoxianshuo 等我先说,等我先说,A160,"【开始】二次副歌开，过左单点爆紧接着的右手单点
【结束】小段空气后，右手白球后的左手普通球",B394,"【开始】二次副歌开，爆第一个左手白球
【结束】散点后，吃完双长条",64,B394,"【开始】二次副歌开，爆第一个左手白球
【结束】散点后，吃完双长条",32,1
diqiutaolijihua 地球逃离计划,地球逃离计划,A166,"【开始】散点倒数第二个（左），接右单点，左条
【结束】散点结束（左）",B461,"【开始】右单点后，左条按住1cb爆
【结束】散点结束（右）",62.3,B461,"【开始】右单点后，左条按住1cb爆
【结束】散点结束（右）",31.3,1
dontgo don't go,Don't Go,A289,"【结束】289右条后，爆左单点
【结束】右白球后第2个单点（右）",B770,"【开始】765左条后，爆右单点
【结束】右二连点第1个",80.1,B770,"【开始】765左条后，爆右单点
【结束】右二连点第1个",40.8,1
dontwakemeup don't wake me up,Don't Wake Me Up,A165,"【开始】159右条后，过左单点，爆右滑球
【结束】右白球",B494,"【开始】488左条后，过右单点，爆左二连点
【结束】左白球",59.8,B494,"【开始】488左条后，过右单点，爆左二连点
【结束】左白球",30.4,1
dtm dtm,D.T.M,B507,"【开始】过左滑球+右单后，爆双打
【结束】双打",B582,"【开始】按住576左条，过右滑球，爆左白球
【结束】右白球",86.6,B582,"【开始】按住576左条，过右滑球，爆左白球
【结束】右白球",46.1,1
duoshaogeyuzhou 多少个宇宙,多少个宇宙,A233,"【开始】231右滑球后，过右单点，爆双打
【结束】左白球",B630,"【开始】620双长条后，过右单点，爆左白球
【结束】左条尾+右条头",79.3,B630,"【开始】620双长条后，过右单点，爆左白球
【结束】左条尾+右条头",39.8,1
duoyoudarao 多有打扰,多有打扰,B353,"【开始】右单点后，爆右滑球
【结束】左白球",B406,"【开始】右单点后，爆左单点
【结束】双长条吃完",62.7,B406,"【开始】右单点后，爆左单点
【结束】双长条吃完",31.7,2
dura dura,Dura,A223,"【开始】高潮第一波，爆右手白球
【结束】左手普通球",B519,"【开始】连续两组二连点后，，过左滑球爆左手普通球
【结束】左手普通球",82,B519,"【开始】连续两组二连点后，，过左滑球爆左手普通球
【结束】左手普通球",42,1
enemy enemy,Enemy,A425,"【开始】420左条后，爆右滑（存）
【结束】左条结束，中场",B847,"【开始】844右左2个滑球后，过右单点，爆左白球
【结束】左条中+右白球",82.8,B847,"【开始】844右左2个滑球后，过右单点，爆左白球
【结束】左单点",44.1,1
faded faded,Faded（困难版）,A333,"【开始】左手白球。（存）
【结束】A段结束，左手普通球。（偷）",B583,"【开始】575左手条后第二个普通球（左）。
【结束】右手二连点后紧接着的左滑球&右手普通球。",77,B608,"【开始】连续四个滑球，爆第四个滑球（左）
【结束】右手普通球",41,1
feiniaoyuwu 飞鸟与雾,飞鸟与雾,A177,"【开始】左长条后，爆双压
【结束】右单点",B929,"【开始】左单点后，爆左长条+右单点
【结束】双压",69.5,B929,"【开始】左单点后，爆左长条+右单点
【结束】双压",35,1
fengdeyanse 风的颜色,风的颜色,B490,"【开始】485左条后，爆右滑球
【结束】左单点（接右三连点）",B559,"【开始】555右三连点后，过左单点，爆右条
【结束】左白球",82,B490,"【开始】485左条后，爆右滑球
【结束】左单点（接右三连点）",41.5,1
fenxianggeisheine 分享给谁呢,分享给谁呢,A164,"【开始】158右条后，过左单点，爆右白球
【结束】右二连点结束",B346,"【开始】340左条后，过右单点，爆左白球
【结束】左二连点结束",59.2,A164,"【开始】158右条后，过左单点，爆右白球
【结束】右二连点结束",29.6,1
fightforyou fight for you,Fight For You（潘玮柏）,A198,"【开始】左手滑球后，爆右单点。
【结束】连续几组二连点，吃完最后一组",A259,"【开始】A段第二次高潮，爆左手三连点。
【结束】吃完第一组双长条。",78,A259,"【开始】A段第二次高潮，爆左手三连点。
【结束】吃完第一组双长条。",40,1
firefly firefly,Firefly,B391,"【开始】连续四个滑球后，爆第二组双打。
【结束】第二组白球&普通球双打（左白右单点）",B529,"【开始】连续六个滑球后，爆左白球&右手普通球。
【结束】连续两组双白球后，右手白球。",78,B529,"【开始】连续六个滑球后，爆左白球&右手普通球。
【结束】连续两组双白球后，右手白球。",41,2
flowerdance flower dance,Flower Dance（困难版）,B291,"【开始】B段第二个滑球后，爆第三个球（左手普通球）
【结束】左手滑球（散点全部吃完）",B409,"【开始】连续两个单条+点后，爆双打（极）
【结束】双打（散点全部吃完）",82,B409,"【开始】连续两个单条+点后，爆双打（极）
【结束】双打（散点全部吃完）",42,1
fomo fomo,FOMO,A210,"【开始】左长条后，右长条按住2cb爆气
【结束】左单点",A297,"【开始】左长条+右单点后，爆右二连点
【结束】左白球",81.3,A297,"【开始】左长条+右单点后，爆右二连点
【结束】左白球",42.4,2
fuzhongyiwanjinzhangda 负重一万斤长大,负重一万斤长大,A327,"【开始】325右滑球后，过左单点，爆右白球
【结束】右条尾+左白球",B809,"【开始】807左滑球后，过右单点，爆左白球
【结束】左条尾+右白球",71.2,A327,"【开始】325右滑球后，过左单点，爆右白球
【结束】右条尾+左白球",35.6,1
gaobai 告白,告白,A239,"【开始】右单后，左条按住2cb爆
【结束】左单点，中场",B353,"【开始】左手条后爆右二连点
【结束】右二连点结束",60.7,B353,"【开始】左手条后爆右二连点
【结束】右二连点结束",31.1,2
gee gee,Gee,A133,"【开始】126起连续四跟单长条，第二根（左）按2cb开爆气
【结束】吃完第八组二连点（右）",A281,"【开始】右手滑球后，爆左手三连点。
【结束】连续单长条后，吃完右手三连点。",61,A133,"【开始】126起连续四根单长条，第二根（左）按2cb开爆气
【结束】吃完第八组二连点（右）",31,1
geiwoyigeliyouwangji 给我一个理由忘记,给我一个理由忘记,A159,"【开始】148连续两根单长条后，过左手滑球爆左手单长条
【结束】左手连续二散点后，第二个左手白球",B266,"【开始】踩B开第一根右手条（264）爆左手滑球
【结束】连续七根单长条，踩最后一根右手条吃到左手单点",72,B266,"【开始】踩B开第一根右手条（264）爆左手滑球
【结束】连续七根单长条，踩最后一根右手条吃到左手单点",39,2
gentleman gentleman,Gentleman,B347,"【开始】右白球
【结束】右白球后的左点",B381,"【开始】左滑
【结束】散点吃完",76,B347,"【开始】右白球
【结束】右白球后的左点",39,1
getitonthefloor get it on the floor,Get It On The Floor,A373,"【开始】副歌开始，爆第二个白球，右手白球
【结束】左手二连点第一个（双排一样）",B732,"【开始】副歌中间，爆第二个白球，右手白球
【结束】左手二连点第一个（双排一样）",78,A373,"【开始】副歌开始，爆第二个白球，右手白球
【结束】左手二连点第一个",39,1
geyao 歌谣,歌谣,A227,"【开始】左手白球后，爆右手三连点（存）
【结束】A段结束，双打（偷）",B345,"【开始】右手三连点后，过三个散点爆左手白球&右手条
【结束】双长条后，右手白球&左手条开头",70,B461,"【开始】左手普通球后，右手单长条
【结束】双长条后第二个球（左手滑球）",34,1
gogo go go,GO GO,B417,"【开始】412右左2组二连点后，右条按住1cb爆
【结束】右二连点结束",B555,"【开始】544右起3根条后，爆左白球
【结束】左二连点结束",68.2,B417,"【开始】412右左2组二连点后，右条按住1cb爆
【结束】右二连点结束",35.2,1
goodtime good time,Good Time,A218,"【开始】212右手条后，过左手滑球爆左手白球（存）
【结束】A段结束，踩左手条接到右手普通球",B350,"【开始】343右手条后，爆第二组右手二连点
【结束】连续两组二连点后，右手白球",73,B330,"【开始】踩326左手条爆右手单长条
【结束】左手三连点后，右手滑球",36,2
guanjitixing 关机提醒,关机提醒,A157,"【开始】152右条后，爆左二连点
【结束】左单点",B326,"【开始】323左二连点后，过右单点，爆右单点
【结束】右二连点第一个",64,B326,"【开始】323左二连点后，过右单点，爆右单点
【结束】右二连点第一个",32.5,2
gudumiandain 孤独面店,孤独面店,A285,"【开始】左单后，爆左二连点
【结束】左单点，中场",B415,"【开始】412右二连点后，过左单，爆右单点
【结束】左白球",60.5,B415,"【开始】412右二连点后，过左单，爆右单点
【结束】左白球",30.5,1
gulouguawen 孤陋寡闻,孤陋寡闻,B257,"【开始】右长条后，爆左滑球
【结束】右单点",B417,"【开始】左单点后，右长条按住3cb爆
【结束】右单点",67.6,B417,"【开始】左单点后，右长条按住3cb爆
【结束】右单点",34.1,2
guowanghuanghou 国王皇后,国王皇后,A232,"【开始】221右左两条后，过右单点，爆双压
【结束】双压",B640,"【开始】633双压后，过右条，爆左条
【结束】双条结束",65,B640,"【开始】633双压后，过右条，爆左条
【结束】双条结束",32.6,1
gushuhuixiang 古蜀回响,古蜀回响,A308,"【开始】301右条后，爆左滑球（存）
【结束】双条结束，中场",B692,"【开始】685右条后，爆左滑球
【结束】双条结束",50.7,A302,"【开始】299右滑球，过左单点，右条按住1cb爆
【结束】双条结束，中场",25.1,1
hackingtothegate hacking to the gate,Hacking to the Gate,A198,"【开始】条加点后，爆连续两对双打。
【结束】踩右手条接到左手二连点第一个。",B935,"【开始】一个普通球紧连着的右手条直接爆。（极）
【结束】第二个白球（右）。",81,B935,"【开始】一个普通球紧连着的右手条直接爆。（极）
【结束】第二个白球（右）。",41,1
hairtie hair tie,hair tie,A110,"【开始】104有点接条后，爆左点接条
【结束】右二连点结束",B275,"【开始】269左点接条后，爆右点接条
【结束】左二连点结束",59,A110,"【开始】104有点接条后，爆左点接条
【结束】右二连点结束",29.5,1
hallonmig hall om mig,Hall om mig,B482,"【开始】右手两个散点后，爆左条
【结束】双条，左条结束",B533,"【开始】右手条按住，爆左直条
【结束】左单点",65.3,B493,"【开始】左手三连点后爆右单点
【结束】右单点",34.1,2
haowubaoliu 毫无保留,毫无保留,B302,"【开始】左条后，爆右单点
【结束】左条中",B425,"【开始】右条后，爆左单点
【结束】散点吃完（右）",56,B425,"【开始】右条后，爆左单点
【结束】散点吃完（右）",,1
haoxiangbaozhuni 好想抱住你,好想抱住你,A189,"【开始】187右滑球，过右单点，爆左单点
【结束】左白球",B461,"【开始】459右滑球，过右单点，爆左单点
【结束】左白球",64,A189,"【开始】187右滑球，过右单点，爆左单点
【结束】左白球",32,1
haoxiangdashengshuoxihuanni 好想大声说喜欢你,好想大声说喜欢你,A82,"【开始】导歌第二句，左手滑球后，爆左手白球
【结束】第三次双长后的双打",B317,"【开始】导歌第一句，爆左手普通球紧接着的双打。
【结束】吃完第二次双长条。",75,B317,"【开始】导歌第一句，爆左手普通球紧接着的双打。
【结束】吃完第二次双长条。",37,1
heartshaker heart shaker,Heart Shaker,A363,"【开始】356左条后，爆右白球
【结束】右白球",B952,"【开始】945左条后，爆右白球
【结束】右白球",71.2,A363,"【开始】356左条后，爆右白球
【结束】右白球",35.6,1
herewithyou here with you,Here With You*（100）,A102,"【开始】界面变橙（100cb）后，第一次右手二连点
【结束】双长条后，右手普通球",B412,"【开始】右手二连点，踩408左手条爆右手单长条
【结束】三散点后，右手白球",62,B412,"【开始】右手二连点，踩408左手条爆右手单长条
【结束】三散点后，右手白球",32,2
heybabynishiwode hey baby你是我的,Hey Baby 你是我的,A192,"【开始】第一次高潮两次三连点后，爆左手普通球。（极）
【结束】左手二连点后，右手普通球。（偷）",B606,"【开始】第三次高潮两次三连点后，爆左手白球。（极）
【结束】左手二连点后，右手普通球。（偷）",71,B606,"【开始】第三次高潮两次三连点后，爆左手白球。（极）
【结束】左手二连点后，右手普通球。（偷）",36,1
high high,High,A186,"A184左滑球后，过右单点，爆左白球接左单点
【结束】左白球",A231,"【结束】226左滑球后过左单点，按住右单点+左条
爆接近条尾
【结束】右单点（中场倒数第2个）",65.2,A231,"【结束】226左滑球后过左单点，按住右单点+左条
爆接近条尾
【结束】右单点（中场倒数第2个）",33.6,1
hip hip,Hip,A108,"【结束】103左条后，爆右白球
【结束】左二连点后第2个单点（左）
",B252,"【开始】249右滑球后，爆第3个单点（左）
【结束】第3组二连点（左）第1个",78.5,B252,"【开始】249右滑球后，爆第3个单点（左）
【结束】第3组二连点（左）第1个",39.5,2
history history,History,A240,"【开始】237右条按住爆左点
【结束】双打",B584,"【开始】581左条按住爆右点
【结束】双打",82,A240,"【开始】237右条按住爆左点
【结束】双打",41,1
huanghun 黄昏,黄昏,B635,"【开始】左滑球后，爆右单点
【结束】右单点",B792,"【开始】右单点后，爆左二连点
【结束】右二连点的第一个点",68.4,B792,"【开始】右单点后，爆左二连点
【结束】右二连点的第一个点",34.3,1
huanyoushikong 幻游时空,环游时空,A159,"【开始】156双打后，过右单点，爆左单点
【结束】右单点",B268,"【开始】263左条后，过短暂空气，爆右白球
【结束】右条按住1cb",62.3,B268,"【开始】263左条后，过短暂空气，爆右白球
【结束】右条按住1cb",32.3,1
huima 会吗,会吗,A595,"【开始】左条按住爆右三连点
【结束】中场",B712,"【开始】右手条
【结束】左手三连点",64,B764,"【开始】761左条后，爆右条
【结束】左长条尾+右白球",32.5,1
huohua 火花,火花,A295,"【开始】右手条后，高潮前间奏，爆双长条。（极）
【结束】双长条后双白球。（偷）",B802,"【开始】第二次高潮中间双长条后，爆双白球。（极）
【结束】左手二连点后双滑球。（偷）",93,B802,"【开始】第二次高潮中间双长条后，爆双白球。
【结束】左手二连点后双滑球。",48,1
iknewyouweretrouble i knew you were trouble,I Know You Were Trouble,A300,"【开始】导歌第四句，右手白球后爆左手普通球。
【结束】条加点后，右手白球。",B529,"【开始】导歌第四句最后，爆左手普通球。
【结束】踩左手条接到右手普通球。",65,A300,"【开始】导歌第四小句，右手白球后爆左手普通球。
【结束】条加点后，右手白球。",34,1
inmyzone in myzone,In My Zone,A202,"【开始】爆右单点，接双长条
【结束】右白球",B567,"【开始】爆右单点，接双长条
【结束】左白球",75.4,A202,"【开始】爆右单点，接双长条
【结束】右白球",37.7,1
intothenight into the night,Into The Night,A100,"【开始】右滑球后，爆右单点
【结束】右三散点",B222,"【开始】左条接右单点后，爆左长条
【结束】左二散点",67.3,B222,"【开始】左条接右单点后，爆左长条
【结束】左二散点",34.3,2
iwantmytearsback i want my tears back,I Want My Tears Back,B295,"【开始】B段开头第七个球（左手普通球）。
【结束】吃完连续三对双打。",B508,"【开始】踩499左手条过右手滑球爆右手普通球。
【结束】第二次双白球。",87,B508,"【开始】踩499左手条过右手滑球爆右手普通球。
【结束】第二次双白球。",44,1
jaroflove jar of love,Jar Of Love,B306,"【开始】303右手条&左手单点，条按住过2cb开爆气
【结束】散点后，吃完二连双打",B380,"【开始】左手滑球后，过右手单点爆左手连续二散点
【结束】左手条&右滑球带右白球，吃完左手单长条",72,B306,"【开始】3030右手条&左手单点，条按住过2cb开爆气
【结束】散点后，吃完二连双打",37,1
jellyjelly jelly jelly,JELLY JELLY,B521,"【开始】踩512右手条爆左手白球。
【结束】左手二连点后，右手普通球。",B582,"【开始】导歌第二段，左手滑球后，爆右手普通球。
【结束】右手滑球后，左手白球。",71,B521,"【开始】踩512右手条爆左手白球。
【结束】左手二连点后，右手普通球。",36,1
jianhun 剑魂,剑魂,A179,"【开始】172左条后，过右左单点，爆右白球
【结束】左二连点结束",B313,"【开始】过散点（右结束），爆左白球
【结束】左二连点结束",56.9,B313,"【开始】过散点（右结束），爆左白球
【结束】左二连点结束",28.9,1
jijuhuaeryi 几句话而已,几句话而已,A232,"【开始】右单点后，右长条按住2cb爆（存）
【结束】双压后，右单点（偷）",B391,"【开始】388左长条按住爆右单点
【结束】右二连点第一个",64.1,B384,"【开始】左单点后，爆左单点
【结束】右三连点",34,2
jinjuebianjingxian 禁绝边境线,禁绝边境线,B565,"【开始】四个滑球后，爆右手单长条。
【结束】右手滑球",B665,"【开始】四个滑球后，左手条按住，爆右手普通球。
【结束】踩右手条接到左手普通球",93,B665,"【开始】四个滑球后，左手条按住，爆右手普通球。
【结束】踩右手条接到左手普通球",47,1
juewangxing 绝望性,绝望性：ヒ一ロ一治療薬,A114,"【开始】111二连点后，过左滑球爆右白球
【结束】右白球",B1188,"【开始】1183三连点+二连点后，爆左条
【结束】双压",103,A114,"【开始】111二连点后，过左滑球爆右白球
【结束】右白球",51.5,1
justlikefire just like fire,Just Like Fire,B468,"【开始】B段导歌开始第三个条加点（左条右点）。
【结束】右手条按住，左手三连点（条结束）。",B721,"【开始】716左手条&右单点，条结束时爆右手白球。
【结束】歌曲结束，右手白球。",83,B721,"【开始】716左手条&右单点，条结束时爆右手白球。
【结束】歌曲结束，右手白球。",43,1
kanong 卡农,卡农【100】,A268,"【开始】第二次高潮左手三连点后，爆左手普通球。
【结束】左手普通球。",B881,"【开始】连续四根单长条，踩最后一根（左）爆右手滑球。
【结束】歌曲结束，右手普通球。（偷）",81,B881,"【开始】连续四根单长条，踩最后一根（左）爆右手滑球
【结束】歌曲结束，右手普通球。（偷）",41,1
keepitup keep it up,keep it up,A270,"【开始】261右左两条后，爆右白球（存）
【结束】双点，中场",B456,"【开始】446左右两个条后，爆左白球
【结束】右单点",76.7,B456,"【开始】446左右两个条后，爆左白球
【结束】左条结束+右单",39,1
keepyourheaddown keep your head down,Keep Your Head Down,B403,"【开始】右二连点后，爆左二连点
【结束】三组双压结束",B504,"【开始】497右左2个滑球后，按住左条，爆右白球
【结束】左二连点后，右单点",85,B403,"【开始】右二连点后，爆左二连点
【结束】三组双压结束",44,1
kelaiyinlan 克莱因蓝,克莱因蓝,A133,"【开始】128左条后，爆右白球
【结束】右滑球后，第二个单点",A187,"【开始】182右条后，爆左白球
【结束】左二连点结束",60,A133,"【开始】128左条后，爆右白球
【结束】右滑球后，第二个单点",30,1
keluodiyakuangxiangqu 克罗地亚狂想曲,克罗地亚狂想曲,A146,"【开始】第一次副歌。两次滑球后爆第二组右手二连点
【结束】第二个右手白球",A207,"【开始】第二次副歌，两次滑球后爆第二组左手二连点
【结束】第二个左手白球",94,A146,"【开始】第一次副歌。两次滑球后爆第二组右手二连点
【结束】第二个右手白球",47,1
keneng 可能,可能,A254,"【开始】247左条，过右单点，爆左白球
【结束】右单点",B431,"【开始】424左条后，过右单点，爆左二连点
【结束】左滑球后，第二个单点（左）",56.1,B431,"【开始】424左条后，过右单点，爆左二连点
【结束】左滑球后，第二个单点（左）",29,1
killingme killing me,Killing ME,A181,"【开始】175左条后，过右单点，爆左单点
【结束】左二连点结束",B420,"【开始】右滑球后，爆左条
【结束】右白球",54.2,B420,"【开始】右滑球后，爆左条
【结束】右白球",27.2,1
knockknock knock knock,KNOCK KNOCK,A147,"【开始】137连续两根单长条后，爆右手滑球
【结束】左手普通球",B277,"【开始】踩273右手条爆左手普通球
【结束】左手白球（散点全部吃完）",65,A147,"【开始】137连续两根单长条后，爆右手滑球
【结束】左手普通球",33,2
kongxiangshenhua 空想神话,空想神话,A77,"【开始】连续两组条+点，踩73左手条爆右手白球
【结束】吃完连续两组三连双打",B1033,"【开始】“survival game”双长条爆
【结束】右手条按住，左手八连点的第七个",93,A77,"【开始】连续两组条+点，踩73左手条爆右手白球
【结束】吃完连续两组三连双打",47,1
kulekule 哭了哭了,哭了哭了,A36,"【开始】29左条后，爆第三个单点（右）
【结束】右滑球",B240,"【开始】235右条后，爆左单点
【结束】右白球",54.4,B240,"【开始】235右条后，爆左单点
【结束】右白球",28.2,2
kuqizhantai 哭泣站台,哭泣站台,A395,"【开始】393右白球，过左单点，爆右二连点
【结束】双条吃完，中场",B783,"【开始】781左白球，过右单点，爆左二连点
【结束】双条吃完，歌曲结束",74.9,B783,"【开始】781左白球，过右单点，爆左二连点
【结束】双条吃完，歌曲结束",37.7,1
latitude latitude,Latitude,A137,"【开始】131左滑球后，右长条按住，爆条尾左单点
【结束】右二散点",B1069,"【开始】左单点接左长条+右单点，左长条按住爆右单点
【结束】左四连点吃到第三个点",85,A137,"【开始】131左滑球后，右长条按住，爆条尾左单点
【结束】右二散点",43,1
lettinggo letting go,Letting Go,B410,"【开始】连续条，按住403左条，爆右条
【结束】双条结束",B636,"【开始】634左滑球后，按住右条爆左条
【结束】散点倒数第二个（左）",72.2,B636,"【开始】634左滑球后，按住右条爆左条
【结束】散点倒数第二个（左）",36.8,2
lianaila 恋爱啦,恋爱啦,A205,"【开始】198右条后，爆左二连点
【结束】左单点",B290,"【开始】双压后，爆左白球
【结束】右白球",77.5,B258,"【开始】252左条+右点后爆双压
【结束】左滑球",39,2
liangliang 凉凉,凉凉（困难版）,A340,"【开始】高潮336右手条按住过4cb开爆气。
【结束】滑球后，二散点（右）结束。",B1042,"【开始】“就让情分落九尘”，爆“尘”字右手条。
【结束】连续两组条加点后第三个球（左普通球）。",84,B1042,"【开始】“就让情分落九尘”，爆“尘”字右手条。
【结束】连续两组条加点后第三个球（左普通球）。「备注」",44,1
liangxianghuan ；两相欢,两相欢,A261,"【结束】按住258左条，爆右条
【结束】左滑球后的右单点",B636,"【开始】按住633左条，爆右条
【结束】左白球后的右单点",69,B636,"【开始】按住633左条，爆右条
【结束】左白球后的右单点",34.7,1
lie lie,L.I.E,B497,"【开始】右手二连点后，爆左手白球。
【结束】条加点后，吃完左手二连点。",B557,"【开始】第二次四组二连点，爆第四组（右）。
【结束】歌曲结束，双长条。",75,B497,"【开始】右手二连点后，爆左手白球。
【结束】条加点后，吃完左手二连点。",38,1
linzhongniao 林中鸟,林中鸟（困难版）,A419,"【开始】连续两个白球，爆右手白球
【结束】左手条+右滑球后，左滑球&右普通球的双打",B706,"【开始】踩699左手条爆右手白球
【结束】连续两组滑球+普通球双打后，第三个左手普通球",72,A419,"【开始】连续两个白球，爆右手白球
【结束】左手条+右滑球后，左滑球&右普通球的双打",36,3
liuzhaonian 六兆年,六兆年と一夜物语,A277,"【开始】275左滑球后，过右单点爆左白球
【结束】右白球",B592,"【开始】590右滑球后，过左单点爆右白球
【结束】左白球",84,A277,"【开始】275左滑球后，过右单点爆左白球
【结束】右白球",42,1
lookwhatyoumademedo look what you made me do,Look What You Made Me Do,B210,"【开始】左手滑球后，爆右手普通球
【结束】散点后，第二对双打",B361,"【开始】348右手条后，爆左手滑球
【结束】歌曲结束，右手二连点后，吃完左手三连点",67,B361,"【开始】348右手条后，爆左手滑球
【结束】歌曲结束，右手二连点后，吃完左手三连点",34,2
lovecut love cut,Love Cut,A93,"【开始】右单点后，爆左二散点
【结束】散点结束（左）",B540,"【开始】右单点后，爆左二散点
【结束】散点结束（左）",70.8,B540,"【开始】右单点后，爆左二散点
【结束】散点结束（左）",35.5,1
lovegirl love girl,Love Girl,A88,"【开始】80右条后，过左右单点爆左二连点第二个
【结束】右白球",B266,"【开始】264右滑球后，过左单，爆右二连点
【结束】右二连点",72,A88,"【开始】80右条后，过左右单点爆左二连点第二个
【结束】右白球",39.5,2
lovesosoft love so soft,Love So Soft,B245,"【开始】B开连续四个滑球后，过两个散点爆右手白球
【结束】右手普通球",B399,"【开始】383右手条后，过连续三个滑球爆右手普通球
【结束】右手普通球（散点全部吃完）",68,B245,"【开始】B开连续四个滑球后，过两个散点爆右手白球
【结束】右手普通球",36,1
luozaishengminglideguang 落在生命里的光,落在生命里的光,A288,"【开始】右单点后过空气，爆右条
【结束】左单点",B356,"【开始】352右左2个滑球后，爆第3个单点（右）
【结束】右白球",60.5,B356,"【开始】352右左2个滑球后，爆第3个单点（右）
【结束】右白球",30.5,1
MAKEUP MAKE-UP,ペガサス幻想,B301,"【开始】B开第二根条（299左）按住过2cb开爆气
【结束】双打（散点全部吃完）",B591,"【开始】高潮开始，过四个单点后爆右手普通球
【结束】左手二连点后，右手二连点第一个",75,B301,"【开始】B开第二根条（299左）按住过2cb开爆气
【结束】双打（散点全部吃完）",39,1
manman 慢慢,慢慢,B462,"【开始】左单点后，过空气，爆左单点（接近双爆）
【结束】右三连点后的左单点",B500,"【开始】左单点（一爆结尾）后，爆右三连点（接近双爆）
【结束】左三连点第一个",64,B462,"【开始】左单点后，过空气，爆左单点（接近双爆）
【结束】右三连点后的左单点",33,1
maxingwo 骂醒我,骂醒我,A333,"【开始】323双条后，爆双压
【结束】双打后的第二个单点（左）",B660,"【开始】650左条后，爆右单点
【结束】双打后的第二个点（左）",66.1,B660,"【开始】650左条后，爆右单点
【结束】双打后的第二个点（左）",33.1,1
meiguihuadezangli 玫瑰花的葬礼,玫瑰花的葬礼,A124,"【开始】120右滑球，过左右2单点，爆左二连点第二个
【结束】左白球",B539,"【开始】按住532左条，爆右白球
【结束】右滑球",76.1,A124,"【开始】120右滑球，过左右2单点，爆左二连点第二个
【结束】左白球",41,1
meiyouweilai 没有未来,没有未来,A279,"【开始】272右二连点后，过右条，爆左单点
【结束】右二连点后的左单点",B472,"【开始】463左点+右条，过左点，爆双压
【结束】右二连点结束",81.2,A279,"【开始】272右二连点后，过右条，爆左单点
【结束】右二连点后的左单点",41.5,1
meiyouxuanze 没有选择,没有选择,A126,"【开始】右手三连点后，过两个散点爆左手白球
【结束】左手白球",B364,"【开始】副歌第一句中，爆左手单长条。
【结束】踩左手条按到右手滑球。",65,B364,"【开始】副歌第一句中，爆左手单长条。
【结束】踩左手条按到右手滑球。",33,1
mermaidgirl mermaid girl,Mermaid Girl,A216,"【开始】214左二连点后，爆右单点
【结束】左白球",B406,"【开始】397右条后，爆左白球
【结束】左二连点后的散点第三个（右）",66,A216,"【开始】214左二连点后，爆右单点
【结束】左白球",33,2
mimimi mimimi,Mimimi,B344,"【开始】连续四个滑球后，爆左手连续二散点（接近双爆）
【结束】散点中，左手滑球",B384,"【开始】一爆结束后，立刻爆右手滑球（接近双爆）
【结束】散点结束后，吃完右手单长条",74,B379,"【开始】副歌开始后，第二次连续两滑球后爆左手白球
【结束】左手滑球后，右手白球",40,2
mongtagi mongtagi,Mongtagi,B561,"【开始】右三连点第三个
【结束】右白球",B670,"【开始】左滑球后，左长条按住最后1cb爆气
【结束】左二连点",77.6,B670,"【开始】左滑球后，左长条按住最后1cb爆气
【结束】左二连点",39.5,1
mywu my舞,MY舞☆TONIGHT,A348,"【开始】第一次高潮后，爆左手条&右手普通球
【结束】普通球和滑球双打",B811,"【开始】第三组交互三连点，爆左手普通球
【结束】第三个右手白球",80,A348,"【开始】第一次高潮后，爆左手条&右手普通球
【结束】普通球和滑球双打",40,1
n8pm bierdege n8pm 比尔的歌,N8PM-比尔的歌,A134,"【结束】131左滑球后，爆第3个单点（右）
【结束】右白球",B307,"【开始】304右滑球后，爆第3个单点（左）
【结束】左白球",68,A134,"【结束】131左滑球后，爆第3个单点（右）
【结束】右白球",34,2
nanbanqiuyubeihaidao 南半球与北海道,南半球与北海道,A175,"【开始】右单点后爆左二连点
【结束】左白球",B453,"【开始】左单点后爆右二连点
【结束】右白球",61.4,A175,"【开始】右单点后爆左二连点
【结束】左白球",30.7,1
nidakebubi 你大可不必,你大可不必,B463,"【开始】条按住爆结尾左手点
【结束】双打",B833,"【开始】双条接左单长条后，第三组点＆条：左条＆右点按住爆右二连点
【结束】双打",84.9,B466,"【开始】457左点+右条后，过左单点，爆右白球
【结束】第一组双压",42.9,1
nilangqianqiu 逆浪千秋,逆浪千秋,A291,"【开始】289连续两个滑球后，爆右单点
【结束】右白球",B731,"【开始】729连续两个滑球后，爆右单点
【结束】右白球",77,A291,"【开始】289连续两个滑球后，爆右单点
【结束】右白球",38.5,1
niyoumeiyouguo 你有没有过,你，有没有过（100）,B474,"【开始】B开第四根长条，爆右手条&左滑球
【结束】踩右手条吃到左手第一个普通球。",B741,"【开始】双滑球后，爆左手普通球&右白球。
【结束】左手条按住，吃到右手普通球。",88,B741,"【开始】双滑球后，爆左手普通球&右白球。
【结束】左手条按住，吃到右手普通球。",45,1
oh oh,oh！,A142,"【开始】139左白球，过右单点，左条按住1cb爆
【结束】右二连点结束",B432,"【开始】429左滑球后，过2个右单点，爆左二连点
【结束】右二连点第一个",75.5,B432,"【开始】429左滑球后，过2个右单点，爆左二连点
【结束】右二连点第一个",38,1
onenightinshang one night in shang,One Night In Shang,A167,"【开始】左条后爆第二个单点（左）
【结束】右白",B605,"【开始】右手滑球后，爆右手条
【结束】右手单点",61,A167,"【开始】左条后爆第二个单点（左）
【结束】右白",32.1,1
overloved overloved,Overloved,A211,"【开始】208左白球后，过右单点，爆左滑球+右单点
【结束】双长条接近结束",B397,"【开始】395左白球后，过右单点，爆左滑球+右单点
【结束】双长条结束",73.9,A211,"【开始】208左白球后，过右单点，爆左滑球+右单点
【结束】双长条接近结束",37.7,2
oxiangwanwansui 偶像万万岁,偶像万万岁,B279,"【开始】B开四个滑球过后，爆左手二连点。
【结束】左手滑球。",B451,"【开始】右手三连点后，爆左手二连点。
【结束】右手连续二散点后，左手二连点第一个。",70,B279,"【开始】B开四个滑球过后，爆左手二连点。
【结束】左手滑球。",35,1
pajianfeihua 怕见飞花,怕见飞花,A107,"【开始】右单点后，爆右长条
【结束】右白球",B389,"【开始】左单点后，爆紧接着的左长条
【结束】左白球",55,A107,"【开始】右单点后，爆右长条
【结束】右白球",27.5,1
paleblue pale blue,Pale Blue,A327,"【开始】320左条接右单点后，右条按1cb爆（接双打双条）
【结束】右白球",A426,"【开始】421左条后，爆双打（接双条）
【结束】左单点",70.2,A327,"【开始】320左条接右单点后，右条按1cb爆（接双打双条）
【结束】右白球",35.2,1
perfecttime perfect time,perfect time,A164,"【开始】右单点后，爆双压
【结束】左单点+右滑球",B280,"【开始】右长条后，爆左滑球+右单点
【结束】双压",64,A164,"【开始】右单点后，爆双压
【结束】左单点+右滑球",32,2
playground playground,Playground,A230,"【开始】左滑球后过右手单点爆双点
【结束】右手单点",B685,"【开始】右滑球后过左手单点爆双点
【结束】左手单点",78,A230,"【开始】左滑球后过右手单点爆双点
【结束】右手单点",39,1
playwopei play我呸,Play 我呸,A472,"【开始】A段结束，左手白球+右手普通球双打（存）
【结束】同上",B531,"【开始】第二波（第三个）左手条右手滑球前二连点直接爆
【结束】右手二连点后，左手白球",90,B598,"【开始】rap结束后，第二个滑球+条，爆左滑球+右手条
【结束】踩左手条过右手白球接到右手滑球",45,1
posuiderenqingting 破碎的人请听,破碎的人请听,A87,"【开始】83右滑球后，爆第四个单点（右）
【结束】右条结束",A222,"【开始】214左条+右滑球后，右条按住2cb爆
【结束】左白球+右条结束",58.8,A222,"【开始】214左条+右滑球后，右条按住2cb爆
【结束】左白球+右条结束",30,1
Q? Q？,Q？,A239,"【开始】连续两根条+左手点后，爆双打
【结束】一波散点中，吃到双打",B499,"【开始】右手条后，一大波散点中，爆第一组双打
【结束】左手三连点后，紧接着的右手白球",94,B499,"【开始】右手条后，一大波散点中，爆第一组双打
【结束】左手三连点后，紧接着的右手白球",48,1
qianqiudiemeng 千秋迭梦,千秋迭梦,A326,"【开始】左手条按住6cb爆
【结束】左手点",A457,"【开始】左点&右条按住，过左手两个点爆左手条。
【结束】双长条尾",72.5,A457,"【开始】左点&右条按住，过左手两个点爆左手条。
【结束】双长条尾",36.5,1
qidai 期待,期待,A27,"【开始】11右手条后，爆第二对双打
【结束】踩连续两根单长条的第二根右手长条接到左手白球",B198,"【开始】182右手条后，爆第二对双打
【结束】踩连续两根单长条的第二根右手长条接到左手白球",68,B198,"【开始】182右手条后，爆第二对双打
【结束】踩连续两根单长条的第二根右手长条接到左手白球",34,2
qingniao 青鸟,青鸟,B502,"【开始】导歌最后，连续四个滑球，爆第四个（右）。
【结束】导歌第二句结束时，右手白球。",B641,"【开始】右手白球（接双打+双长条）。
【结束】条加点后右手滑球。",89,B502,"【开始】导歌最后，连续四个滑球，爆第四个（右）。
【结束】导歌第二句结束时，右手白球。",46,1
qiniandeai 七年的爱,七年的爱,B284,"【开始】左手滑球后，爆右手二连点。
【结束】连续两根单长条后的右手白球。",B354,"【开始】右手普通球后，爆左手白球。
【结束】左手普通球（倒数第二个散点）。",68,B354,"【开始】右手普通球后，爆左手白球。
【结束】左手普通球（倒数第二个散点）。",34,2
qishijingshen 骑士精神,骑士精神,A449,"【开始】446左起连续条，按住第一个条，爆第二条（右）
【结束】散点第三个（右）",B573,"【开始】566左条，右二散点后，按住下一个条，爆右二散点
【结束】左白",85.5,A449,"【开始】446左起连续条，按住第一个条，爆第二条（右）
【结束】散点第三个（右）",42.8,1
quanshini 全是你,全是你,A125,"【结束】119右点接条，爆左二连点
【结束】左滑球后的右单点",B357,"【开始】355右手单点后，爆左手白球
【结束】右滑球",64.2,B357,"【开始】355右手单点后，爆左手白球
【结束】右滑球",32,1
remembertonight remember tonight,Remember Tonight,A188,"【开始】181右条后过左滑，爆右三连点第三个
【结束】左单+右条结束",B553,"【开始】551左滑，过左单，爆双点
【结束】左条后，第一个右单",76.2,A188,"【开始】181右条后过左滑，爆右三连点第三个
【结束】左单+右条结束",38.5,1
renjianzhongzhong 人间种种,人间种种,A482,"【开始】477起第二根左条（存）
【结束】双压，中场",B748,"【开始】左手条后，爆右白球(假）
【结束】连续两根条后，双点",66.1,A373,"【开始】右滑球后，爆左单点（紧接条））
【结束】双点后，右单点",33,1
rightnow right now,Right Now*,A137,"【开始】126左手条后间奏开始，过两个滑球爆散点（左开）
【结束】倒数第二个左手白球",B731,"【开始】721左手条后，爆第二个左手普通球
【结束】第三次踩右手条接到左手普通球",70,A137,"【开始】126左手条后间奏开始，过两个滑球爆散点（左开）
【结束】倒数第二个左手白球",40,2
rollingstar rolling star,Rolling Star【20】,A399,"【开始】四个滑球后，爆右手白球。（存）
【结束】A段结束，右手普通球。",B836,"【开始】左手二连点后，爆紧接着的右手二连点第二个。
【结束】歌曲结束，左手普通球",79,B865,"【开始】左手三连点后结尾间奏，爆第二个左手普通球
【结束】右手白球（倒数第二个）",39,1
rolypoly roly poly,Roly-Poly,A150,"【开始】143右滑球，过左条，爆第二个单点（左）
【结束】右三连点结束",B489,"【开始】过左右单点，爆左条
【结束】左滑球",67.4,A150,"【开始】143右滑球，过左条，爆第二个单点（左）
【结束】右三连点结束",34.2,1
rookie rookie,Rookie,A219,"【开始】右手滑球后，爆左手单长条（存）
【结束】A段结束，左手普通球。",B533,"【开始】右手滑球后，531左手条按2cb开爆气
【结束】吃完第二次连续两组二连点（左结束）",72,B535,"【开始】踩531左手条爆右手二连点
【结束】连续两组二连点，第二组（左）第一个",36,1
ruguoyihou 如果以后,如果以后,A251,"【开始】左二连点后，过右-左-右三个点爆右单点（假）
【结束】右单点（双排一样）",B456,"【开始】右二连点后，过左-右-左三个点爆左单点
【结束】左单点（双排一样）",65,A251,"【开始】左二连点后，过右-左-右三个点爆右单点（假）
【结束】右单点（双排一样）",32.5,1
ruguozaiai 如果再爱,如果再爱,A90,"【开始】84右条，右单点后，爆右白球
【结束】左单点+右条头",A230,"【开始】左单点后，爆左单点+右条
【结束】右滑球",57.6,A90,"【开始】84右条，右单点后，爆右白球
【结束】左单点+右条头",28.9,1
run2u run2u,RUN2U,B322,"【开始】317右条后，爆左白球
【结束】左条结束",B402,"【开始】397左条后，爆右单点
【结束】右单点（散点第4个）",63.4,B402,"【开始】397左条后，爆右单点
【结束】右单点（散点第4个）",32.2,1
sanguolian 三国恋,三国恋,A176,"【结束】160右左2条后，爆右白球
【结束】散点第3个（左）",B583,"【开始】574双点后，按住左条，右条过4cb爆
【结束】左单点",73.9,A176,"【结束】160右左2条后，爆右白球
【结束】散点第3个（左）",37.3,1
santaforyou santa for you,Santa for you,A97,"【开始】91左条，过右二连点，爆左白球
【结束】左白球",B463,"【开始】462左滑球后，爆右白球，接双条
【结束】左白球",66.3,A97,"【开始】91左条，过右二连点，爆左白球
【结束】左白球",33.9,1
sanyuexinjian 三月信笺,三月信笺,A169,"【开始】164右条后，爆左白球
【结束】左二连点结束",B424,"【开始】右单点后，爆右白球
【结束】左二连点结束",56.5,A169,"【开始】164右条后，爆左白球
【结束】左二连点结束",28.5,1
shanchuwangji 删除忘记,删除忘记,A261,"【开始】258左三连点后，爆右单（存）
【结束】左条结束+右白，中场",B539,"【开始】535左条后，爆右三连点
【结束】左白",81.1,A258,"【开始】253左条后，爆左三连点
【结束】左条结束+右白，中场",40.8,1
shandian 闪电,闪电,A139,"【开始】134右条后，爆左白球
【结束】",B241,"【开始】B开，爆左滑球
【结束】第二个右单点",66.1,B241,"【开始】B开，爆左滑球
【结束】第二个右单点",33.3,1
shangxiazuoyou 上下左右,上下左右,A195,"【开始】184右条，过左单点，爆右滑球
【结束】密集区左滑球",A296,"【开始】294右滑球后，爆第二个单点（右）
【结束】左条头",88.3,A195,"【开始】184右条，过左单点，爆右滑球
【结束】密集区左滑球",46.5,1
shanjian 删减,删减,A238,"【开始】234右二连点，过左右单点，爆左白球
【结束】左二连点结束",B503,"【开始】499左二连点，过右左单点，爆右白球
【结束】右二连点结束",64,A238,"【开始】234右二连点，过左右单点，爆左白球
【结束】左二连点结束",32,1
shenmeshenme 什么什么,什么什么,A157,"【开始】连续四组二连点（右手开始）。
【结束】连续四组二连点后，左手普通球。（双排一样）",B387,"【开始】连续四组二连点（右手开始）。
【结束】连续四组二连点后，左手普通球。（双排一样）",71,A157,"【开始】连续四组二连点（右手开始）。
【结束】连续四组二连点后，左手普通球。",36,1
shingingforonething shinging for one ting,Shining For One Thing,A318,"【结束】309双点后，左短条+右长条按住，爆左短条条尾
【结束】左条结束+右白球",B819,"【开始】810双点后，左长条+右短条按住，爆右短条尾
【结束】左白球+右条结束",72.8,A318,"【结束】309双点后，左短条+右长条按住，爆左短条条尾
【结束】左条结束+右白球",36.1,1
shiori shiori,SHIORI,B638,"【开始】四组双滑球后，爆第一组双白球。（极）
【结束】右手三连点后，第一组双白球。（偷）",B822,"【开始】右手三连点后，爆左手条&右手滑球。（极）
【结束】三个散点后，双白球。（偷）",100,B638,"【开始】四组双滑球后，爆第一组双白球。（极）
【结束】右手三连点后，第一组双白球。（偷）",52,1
shitianyi 是天意,是天意,A234,"【结束】232左二连点后，爆右二连点
【结束】左白球",B535,"【结束】533右二连点，爆左二连点
【结束】右白球",65,A234,"【结束】232左二连点后，爆右二连点
【结束】左白球",32.5,1
shuixian 水仙,水仙,A501,"【开始】493两个滑球后，过6个散点爆右白球
【结束】左单点",B988,"【开始】984两个滑球后，爆第三个单点（左）
【结束】左白球",77.1,A501,"【开始】493两个滑球后，过6个散点爆右白球
【结束】左单点",39.5,1
shunzhefengdefangxiang 顺着风的方向,顺着风的方向,A269,"【开始】264右条后，爆左单点
【结束】左白球后的右单点",A331,"【开始】234左滑球后，过右条，爆左单点
【结束】左滑",87.3,A269,"【开始】264右条后，爆左单点
【结束】左白球后的右单点",44.1,1
skaterboy skater boy,skater boy,B631,"【开始】左条后，爆右二连点
【结束】左二连点第一个",B690,"【开始】左二连点后，爆右条
【结束】右白球",68.1,B690,"【开始】左二连点后，爆右条
【结束】右白球",34.1,1
sky sky,sky,A82,"【开始】开局第二次三连点后，过两个滑球爆右手普通球
【结束】两个滑球后，左手普通球",B380,"【开始】370左手条后，爆第二个左手滑球
【结束】两次三连点后，第三个左手普通球",68,A82,"【开始】开局第二次三连点后，过两个滑球爆右手普通球
【结束】两个滑球后，左手普通球",37,2
sorrysorry sorry sorry,sorry sorry,A100,"【开始】96右左2组二连点后，爆右单
【结束】左二连点第一个",A172,"【开始】166左二连点后，右条按住爆条尾+左二连点
【结束】右二连点后的左单",95.8,A100,"【开始】96右左2组二连点后，爆右单
【结束】左二连点第一个",48.5,1
sparklingdaydream sparkling daydream,Sparkling Daydream,B590,"【开始】右手单长条&左手普通球。
【结束】倒数第二个白球（左）。",B673,"【开始】右手滑球后，爆左手三连点。
【结束】白球后的右手普通球。",82,B673,"【开始】右手滑球后，爆左手三连点。
【结束】白球后的右手普通球。",43,1
stay stay,STAY,A277,"【结束】267左、右2条后，爆左二连点
【结束】右滑球",B380,"【开始】375左条后，爆左单点
【结束】散点倒数第2个（左）",80.3,A277,"【结束】267左、右2条后，爆左二连点
【结束】右滑球",40.3,1
strong strong,strong,A30,"【开始】左点+右滑球后，爆左单点
【结束】左白球",A358,"【开始】353左条后，爆左单点+右滑球
【结束】左单点，右滑球",69.1,A361,"【开始】左点+右滑球后，过左单点爆左白球
【结束】右白球",34.5,1
sweettalker sweet talker,SWEET TALKER【20、50】,A23,"【开始】开局第四个二连点（右）。
【结束】踩左手条接到右手白球。",B814,"【开始】803左手条后，爆第七个普通球（左）
【结束】第七组双长条中",82,B814,"【开始】803左手条后，爆第七个普通球（左）
【结束】第七组双长条中",41,1
takeit take it,Take it,A17,"【开始】右单点后，爆左二连点
【结束】右单点",B380,"【开始】左单点后，爆右单点
【结束】左单点",72,B380,"【开始】左单点后，爆右单点
【结束】左单点",36,1
tashouheng 他守恒,他守恒,A215,"【结束】206右滑球后，过左单点，爆右条尾
【结束】左单点",B600,"B593左滑球后，过右单点，爆左条尾
【结束】左白球",71.6,A215,"【结束】206右滑球后，过左单点，爆右条尾
【结束】左单点",46,1
telephone telephone,Telephone,A167,"【开始】第二次副歌153连续四根条后爆第四根左。 
【结束】第二个白球 （右）。",B391,"【开始】第二次副歌387连续四根条后爆第二根右。 
【结束】第二个白球 （左）。",65,A167,"【开始】第二次副歌153连续四根条后爆第四根左。 
【结束】第二个白球 （右）。",33,1
tesihezhizan 特斯河之赞,特斯河之赞,A182,"【开始】过散点（右），爆左白球，接双条（存）
【结束】双条结束，中场",B433,"【开始】334左起连续10根条，最后一条（右）按1cb爆
【结束】左白球后的右单点",70.6,A167,"【开始】过散点（左）爆右白球，接单点
【结束】双条结束",36,1
theboys the boys,The Boys,A24,"【开始】19左条后，爆右白球
【结束】右三连点第二个",B412,"【开始】410右滑球后，按住左条，爆右单点
【结束】左滑球",69.9,A24,"【开始】19左条后，爆右白球
【结束】右三连点第二个",35.3,2
thrillriseheartless thrill rise heartless,"thrill,rise heartless",A671,"【开始】632起连续7根长条后，爆第二组二连点（左）
【结束】左白球",B1397,"【开始】1361起连续7根长条后，过左单点爆左单点+右长条
【结束】左单点",91.6,A671,"【开始】632起连续7根长条后，爆第二组二连点（左）
【结束】左白球",47,3
tianliangyiqianshuozaijian 天亮以前说再见,天亮以前说再见,A278,"【开始】右滑球后，爆左单点+右长条
【结束】双压",B683,"【开始】双压后，过第一组左单点+右长条，爆左单点+右长条
【结束】双长条结尾",71.1,B683,"【开始】双压后，过第一组左单点+右长条，爆左单点+右长条
【结束】双长条结尾",35.7,1
tiaowudeyueguang 跳舞的月光,跳舞的月光,A283,"【开始】276左条+右点后，过左滑球，爆右单点
【结束】左条结束+右白球",B838,"【开始】832左条后，过左单点，爆右单点
【结束】左条结束+右单点",77,B838,"【开始】832左条后，过左单点，爆右单点
【结束】左条结束+右单点",39.5,1
tiaozhan 挑战,挑战,A205,"【开始】左单点后，右长条按住3cb爆气
【结束】左长条按住吃到右二散点",B478,"【开始】左长条后，爆右单点
【结束】左二散点",75,A205,"【开始】左单点后，右长条按住3cb爆气
【结束】左长条按住吃到右二散点",37.7,2
timber timber,Timber,B397,"【开始】踩393左手条爆右手滑球
【结束】连续两组双打后，第二个左手白球",B545,"【开始】第一组左手三连点
【结束】歌曲结束，踩左手条吃到右手第二个普通球",72,B545,"【开始】第一组左手三连点
【结束】歌曲结束，踩左手条吃到右手第二个普通球",36,1
tingdun 停顿,停顿,A394,"【开始】385左条+右滑球后，爆391右条尾+左条头（存）
【结束】左单点，A段结束",B580,"【开始】571右条后，爆左白球
【结束】左条头+右滑球",63.1,A315,"【开始】301起连续3根长条，按住第3根长条（左），爆右单点
【结束】左滑球+右条头",32,1
tothebeginning to the beginning,to the beginning,B791,"【开始】左手单长条后，爆双打（接双长条）。（假）
【结束】右手普通球（散点全部吃完）。",B866,"【开始】第二次四个滑球后，过左手点爆右手单长条。（假）
【结束】歌曲结束，双长条。",73,B866,"【开始】第二次四个滑球后，过左手点爆右手单长条。
【结束】歌曲结束，双长条。",37,1
veryveryvery very very very,very very very,A552,"【开始】546连续三次二连点后，爆双压
【结束】右条头",B941,"【开始】935连续三次二连点后，爆双压
【结束】左条头",77.6,A552,"【开始】546连续三次二连点后，爆双压
【结束】右条头",38.8,1
victory victory,Victory（困难版）,B819,"【开始】左三连点-连续两个滑球后，爆紧接着的右手二连点
【结束】连续两个白球后，左手二连点第一个",B945,"【开始】按住931左手条，右滑球后，二连点还有3cb到时爆
【结束】歌曲结束前，N个白球的最后一个左手白球",105,B945,"【开始】按住931左手条，右滑球后，二连点还有3cb到时爆
【结束】歌曲结束前，N个白球的最后一个左手白球",54,1
wadada wa da da,WA DA DA,A140,"【开始】135左条后，爆右单点
【结束】右单点",B396,"【开始】391左条后，爆右单点
【结束】左条，歌曲结束",73.5,A140,"【开始】135左条后，爆右单点
【结束】",37.1,2
wakeup wake up,Wake up！*,B313,"【开始】连续七根单长条，爆第四根（左）。
【结束】右手白球后，吃完双长条。",B441,"【开始】高潮第四波，爆连续两个右手白球。
【结束】左手条+右手白球后，吃完双长条。",96,B441,"【开始】高潮第四波，爆连续两个右手白球。
【结束】左手条+右手白球后，吃完双长条。",52,2
wang 望,望,B321,"【开始】313左手条后，过右手三连点爆左手滑球
【结束】吃完连续两组二连双打",B413,"【开始】405左手条&右滑球后，过左手二连点爆右手白球
【结束】左手条+右滑球后，过右手二连点接到左手白球",74,B413,"【开始】405左手条&右滑球后，过左手二连点爆右手白球
【结束】左手条+右滑球后，过右手二连点接到左手白球",39,2
wangfei 王妃,王妃,A122,"【开始】117左手条后，爆右手普通球
【结束】双长条后，第三个左手普通球",B446,"【开始】435双长条后，爆第二个普通球
【结束】连续两组二连点后，第二个左手滑球",69,B446,"【开始】435双长条后，爆第二个左手普通球
【结束】连续两组二连点后，第二个左手滑球",37,2
wanna wanna,Wanna,B843,"【开始】840双点后，爆第二个左单点
【结束】散点结束（右）",B1123,"【开始】1119散点，左滑球后，爆双点
【结束】左单点+右条结束",92.1,B1123,"【开始】1119散点，左滑球后，爆双点
【结束】左单点+右条结束",46.6,1
wanxiaheshaonian 晚霞和少年,晚霞和少年,A116,"【开始】113右2散点后，左条按住1cb爆
【结束】左二连点结束",B307,"【开始】302右条后，爆左白球
【结束】右二连点后，右单点",63.2,A116,"【开始】113右2散点后，左条按住1cb爆
【结束】左二连点结束",31.7,1
waytogo way to go,way to go,A200,"【开始】198双点后，过左右单点，爆左单点+右条
【结束】双点",B815,"【开始】805左右两条后，爆左条+右点
【结束】左条结束+第一个右单点",76.9,B815,"【开始】805左右两条后，爆左条+右点
【结束】左条结束+第一个右单点",38.6,1
weapon weapon,Weapon,A297,"【结束】过散点（左），爆右三连点
【结束】右白球",B853,"【开始】850右起3个单点后，爆左条+右单点
【结束】左单点",81.8,B853,"【开始】850右起3个单点后，爆左条+右单点
【结束】左单点",40.9,1
wendetaibizhen 吻得太逼真,吻得太逼真,A159,"【开始】右白球后，爆左三连点
【结束】右单点",B470,"【开始】右长条后，左长条按住3cb爆气
【结束】右单点",69.9,A159,"【开始】右白球后，爆左三连点
【结束】右单点",35,1
wenxin 问心,问心,A100,"【开始】右滑球接左条后，爆右二连点。
【结束】右点接左白球。（双排一样）31.0",A168,"【开始】右滑球接左条后，爆右二连点。
【结束】右点接左白球。（双排一样）31.0",62,A100,"【开始】95右滑球，过左条，爆右二连点
【结束】左白球",31,1
westcoast west coast,West Coast,A204,"【结束】198右条后过左单点，爆左白球
【结束】左单点",B299,"【开始】过296右三连点，爆左三连点
【结束】右二散点结束",66.9,B299,"【开始】过296右三连点，爆左三连点
【结束】右二散点结束",34.5,2
whatdoyoumean what do you mean,What Do You Mean?*,B348,"【开始】338左手条后，爆第一个右手白球
【结束】踩右手条接到左手白球",B420,"【开始】右手滑球后，爆左手二连点第二个
【结束】右手三连点后，左手白球",71,B420,"【开始】右手滑球后，爆左手二连点第二个
【结束】右手三连点后，左手白球",36,2
whatmakesyoubeautiful what makes you beautiful,What Makes You Beautiful（50）,B414,"【开始】383二次副歌开，爆第三个左手白球
【结束】踩左手条吃到右手第二个白球",B496,"【开始】456三次副歌开，爆第三根右手条
【结束】歌曲结束，吃完双长条",68,B496,"【开始】456三次副歌开，爆第三根右手条
【结束】歌曲结束，吃完双长条",34,2
whenimgone when i'm gone,When I'm Gone,A166,"【开始】右白球后爆右手三连点
【结束】左白球后右手单点",B366,"【开始】363左滑球后过右左两个单点爆右三连点
【结束】左白球",63.5,A166,"【开始】右白球后爆右手三连点
【结束】左白球后右手单点",32.5,2
whistle whistle,Whistle（困难版）,A360,"【开始】352右手条后，爆第二个右手普通球。
【结束】左手滑球（散点全部吃完）。",A466,"【开始】右手二连点。
【结束】右手白球后的单长条中间。",74,A468,"【开始】右手二连点后，爆左手二连点
【结束】踩右手条接到左手普通球",39,1
whysolonely why so lonely,Why So Lonely,A446,"【开始】A段最后一个左条加点前左手普通球（存）
【结束】A段结束，踩左手条接到右手白球。",B463,"【开始】B段第一个右条加点前，爆右手普通球。（极）。
【结束】左手白球后，紧接的右手普通球",86,B486,"【开始】481左手条&右单点，按住条爆下一个球（右白球）
【结束】散点中，左手白球",46,1
wodeweilaishi 我的未来式,我的未来式,A148,"【开始】右滑球后，爆左白球+右单点
【结束】右白球",B448,"【开始】右二连点后，爆左单点
【结束】左边连点第一个",71.1,A148,"【开始】右滑球后，爆左白球+右单点
【结束】右白球",36,1
wojiaochangannijiaoguli 我叫长安你叫故里,我叫长安，你叫故里,A427,"【开始】423右三连点后，爆左滑球
【结束】左条尾+右单点",B784,"【开始】778左滑球后，过右条，爆左单点
【结束】右三连点结束",64.6,A427,"【开始】423右三连点后，爆左滑球
【结束】左条尾+右单点",32.3,1
wolves wolves,Wolves,A147,"【开始】踩143右手条爆左手白球
【结束】第三次踩左手条接到右手白球",B473,"【开始】踩469左手条爆右手白球
【结束】第三次踩右手条接到左手白球",74,A147,"【开始】踩143右手条爆左手白球
【结束】第三次踩左手条接到右手白球",37,1
womendege 我们的歌,我们的歌,A57,"【开始】空气后直接爆左手滑球。
【结束】导歌第二句，第三个右手滑球。",B402,"【开始】空气后直接爆左手滑球。
【结束】导歌第二句，第三个右手滑球。",83,B402,"【开始】空气后直接爆左手滑球。
【结束】导歌第二句，第三个右手滑球。",42,1
wonderland wonderland,Wonderland,A166,"【开始】125双长条后，爆左手第一个白球
【结束】右手普通球后，左手白球",B295,"【开始】280连续三根单长条后，爆左开散点
【结束】连续两组二连点后，第一个左手滑球",76,B295,"【开始】280连续三根单长条后，爆左开散点
【结束】连续两组二连点后，第一个左手滑球",38,2
woxiangyaolianggexiyou 我想要两个西柚,我想要两个西柚,A94,"【开始】左白球后，爆左单点
【结束】右手条按住5cb",A135,"【开始】右单点后，爆左二连点
【结束】",58.9,A134,"【开始】右单点后，爆左二连点
【结束】",30.2,2
wozhegaisidemeili 我这该死的魅力,我这该死的魅力,A126,"【开始】121左条后，爆右单点
【结束】左条头",B393,"【开始】391左二连点后，爆右条
【结束】左白球",61.1,A126,"【开始】121左条后，爆右单点
【结束】左条头",30.6,1
wudi 无敌,无敌,A291,"【开始】左滑球后爆右白球
【结束】右白球",B507,"【开始】左滑球后爆右白球
【结束】右白球",80,A291,"【开始】左滑球后爆右白球
【结束】右白球",40,1
wumingderen 无名的人,无名的人,B266,"【开始】B开，过三个单点，右条，爆左二连点
【结束】右条结束+左白球",B350,"【开始】355左白球，过右条，爆左二连点
【结束】右条结束+左白球",66.6,B266,"【开始】B开，过三个单点，右条，爆左二连点
【结束】右条结束+左白球",33.3,2
wutaiojianhappyending 无条件happy ending,无条件Happy Ending,A284,"【开始】282右二连点后，爆左条（存）
【结束】右单点（偷），中场",B628,"【开始】624右三连点后，爆双点
【结束】右白球（偷），歌曲结束",71.8,B636,"【开始】630右滑，过左条，爆右二连点
【结束】右白球（偷），歌曲结束",37,1
wuxianfangda 无限放大,无限放大,B374,"【开始】右长条后，爆左白球
【结束】左二连点第一个",B507,"【开始】右二连点后，爆左滑球
【结束】右单点",71.8,B507,"【开始】右二连点后，爆左滑球
【结束】右单点",37.5,2
wuya 乌鸦,乌鸦,B299,"【开始】292右条后，爆第三个单点（左)(接左点+右条）
【结束】左条结束",B476,"【开始】465右条后，过两个单点，爆右条
【结束】左条结束+右白球",67.4,B299,"【开始】292右条后，爆第三个单点（左)(接左点+右条）
【结束】左条结束",33.9,1
wuyejiuguan 午夜酒馆,午夜酒馆,A50,"【开始】47右二连点，过左单点爆右白球
【结束】左二连点结束",A170,"【开始】165左条后，爆右白球
【结束】左二连点结束",57.2,A50,"【开始】47右二连点，过左单点爆右白球
【结束】左二连点结束",28.8,1
wuyun 乌云,乌云,A400,"【开始】右滑球后，过二单点，爆左单点（存）
【结束】右二连点（偷）",B745,"【开始】左单点后，爆左白球
【结束】左滑球",88,B745,"【开始】左单点后，爆左白球
【结束】右长条头",44.3,1
xiaoxingxing 小星星,小星星,B526,"【开始】右手三连点后，524左手条按住过2cb开爆气
【结束】右手白球后，第二对双打",B607,"【开始】592连续三根单长条后，爆左手白球
【结束】第二个右手白球后，右手单长条开头",72,B607,"【开始】592连续三根单长条后，爆左手白球
【结束】第二个右手白球后，右手单长条开头",37,1
xingfudejiepai 幸福的节拍,幸福的节拍,A207,"【开始】201左手条+右滑球后，爆左手连续两个白球（存）
【结束】A段结束，吃完双长条",B466,"【开始】459右手条+左滑球后，爆右手单点紧接着的右手白球
【结束】连续三根单长条后，第四个右手普通球",70,A196,"【开始】右手白球后，爆第二个滑球（右）（极）
【结束】A段结束，吃完双长条（偷）",36,2
xingyeyuanjing 星夜愿景,星夜愿景,A372,"【结束】367左滑球后，过2个单点，右单点后+左条按1cb爆
【结束】右白球",B778,"【开始】773双点，过3个单点，小段空气，爆右二连点
【结束】左二连点第1个",82.4,B778,"【开始】773双点，过3个单点，小段空气，爆右二连点
【结束】左二连点第1个",41.5,1
xiulianaiqing 修炼爱情,修炼爱情,B341,"【开始】导歌开始，第三次右手条&左手滑球
【结束】右手白球后，第五对双打",B548,"【开始】535连续两根单长条，第二根右手长条按住过4cb爆
【结束】右手三对双打后，右手普通球",66,B341,"【开始】导歌开始，第三次右手条&左手滑球
【结束】右手白球后，第五对双打",35,1
xuanwuguodu 炫舞国度,炫舞国度,A132,"【开始】112右手条后，爆第二个右手白球
【结束】右手二连点后，左手白球",B389,"【开始】三个散点后，爆右手单长条（带左手点）
【结束】连续三对双打后，右手普通球",70,B389,"【开始】三个散点后，爆右手单长条（带左手点）
【结束】连续三对双打后，右手普通球",35,1
xuanwushiguang 炫舞时光,炫舞时光,A202,"【开始】200左滑球后，爆右二连点第二个
【结束】左白球",B365,"【开始】363右滑球后，爆左二连点第二个
【结束】右白球",62,A202,"【开始】200左滑球后，爆右二连点第二个
【结束】左白球",31,1
yanghuaqing 氧化氢,氧化氢,B348,"【开始】343左手二连点后过两个单点爆右手二连点
【结束】右白球",B412,"【开始】405左手直条后，爆右手滑球
【结束】双点",76,B348,"【开始】343左手二连点后过两个单点爆右手二连点
【结束】右白球",39,2
yanleisusu 眼泪簌簌,眼泪簌簌,A122,"【开始】左滑球后爆右白球（存）
【结束】左单点（偷）",B209,"【开始】右条后爆左单点
【结束】左滑球",61,B209,"【开始】右条后爆左单点
【结束】左单点",30.5,1
yesterday yesterday,YESTERDAY,A269,"【开始】连续两根单长条，踩265左手条爆右手白球。（存）
【结束】A段结束，左手普通球。",B563,"【开始】两个滑球后，爆连续两组二连点（左开始）。
【结束】左手白球后第一对双打。",69,B567,"【开始】连续两组二连点后，爆左手单长条。
【结束】左手白球后第一对双打。",34,1
yiwentianhuang 一吻天荒,一吻天荒,B592,"【开始】高潮最后一句，爆第三次双长条。
【结束】双长条后的普通球。",B1145,"【开始】结尾第二次右手白球过后，爆左手白球。
【结束】歌曲结束，双长条结束。",79,B592,"【开始】高潮最后一句，爆第三次双长条。
【结束】双长条后的普通球。",40,1
yiwupangwuzhiwen 以无旁骛之吻,以无旁骛之吻,A322,"【结束】312左条+右单点后，爆右单点
【结束】左单点",B667,"【开始】663左二连点后，过右左2个单点，爆右滑球
【结束】双点",63.7,B667,"【开始】663左二连点后，过右左2个单点，爆右滑球
【结束】双点",32,1
yiwupianpian 一舞翩翩,一舞翩翩,A185,"【开始】右单点后，爆左三连点的第二个
【结束】左白球",B543,"【开始】左单点后，爆右三连点第二个
【结束】右白球",73.5,A185,"【开始】右单点后，爆左三连点的第二个
【结束】左白球",37.1,1
YOASOBI,ハルジオン,B378,"【开始】373左条后爆左单点
【结束】左单点",B442,"【开始】爆左滑球
【结束】右白球",74.5,B378,"【开始】373左条后爆左单点
【结束】左单点",37.5,2
yoohoo yohoo,YooHoo,A99,"【结束】右滑球后，爆右条
【结束】左单点",B409,"【开始】399右、左两条后，爆右三连点
【结束】第2个右单点",59.5,A99,"【结束】右滑球后，爆右条
【结束】左单点",30.5,1
yoohoo yoohoo,YooHoo,A99,"【开始】右滑球后，爆右条
【结束】第二个左单点",B409,"【开始】399右左两条后，爆右三连点
【结束】第二个右单点",59,A99,"【开始】右滑球后，爆右条
【结束】第二个左单点",30,1
youdimache 邮递马车,邮递马车,B249,"【开始】B段第三根单长条（右）。
【结束】右手条按住，接到左手第四个普通球。",B388,"【开始】高潮三波结束后，空隙后，爆左手普通球。
【结束】左手普通球。",75,B249,"【开始】B段第三根单长条（右）。
【结束】右手条按住，接到左手第四个普通球。",40,2
yuju 逾矩,逾矩,A196,"【结束】左二连点第2个
【结束】左条接近结束",B440,"【开始】436右滑球，过左二连点，右条按2cb爆
【结束】左单点",64.1,B440,"【开始】436右滑球，过左二连点，右条按2cb爆
【结束】左单点",32,1
zaiyunji 在云际,在云际,A110,"【开始】105左条后，爆右白球
【结束】右条接近结尾",B381,"【开始】374左条+右滑后，右条按住1cb爆
【结束】左白球后的右单点",59.1,A110,"【开始】105左条后，爆右白球
【结束】右条接近结尾",29.9,3
zhaoyang 昭阳,昭阳,A505,"【结束】498左单点+右条后，过左单点，爆右白球（存）
【结束】双点",B1083,"【开始】1076左条+右单点后，过右单点，爆左白球
【结束】双点",82.4,A474,"【结束】468左条，过右单点，爆双点
【结束】左二连点后的右单点",40.4,1
zheyangbusuanai 这样不算爱,这样不算爱,A209,"【开始】204左条尾后爆右手白球
【结束】左二连点第二个",A263,"【开始】256右条后，爆左白球
【结束】右二连点第二个",60,A209,"【开始】204左条尾后爆右手白球
【结束】左二连点第二个",30,1
zhidaoshijiezhongjie 直到世界终结,直到世界终结（困难版）,B782,"【开始】连续两组二连单长条后，爆左手单长条
【结束】左手按住接到右手滑球",B889,"【开始】左手滑球后，爆右手普通球
【结束】右手条按住接到左手普通球",85,B889,"【开始】左手滑球后，爆右手普通球
【结束】右手条按住接到左手普通球",43,1
zhiyouniwo 只有你我,只有你我,A199,"【结束】过散点，爆左白球
【结束】散点第3个（右）",B435,"【开始】右白球后，爆右单点
【结束】散点结束（右）",65.6,A199,"【结束】过散点，爆左白球
【结束】散点第3个（右）",33,1
zhuore 灼热,灼热,A151,"【开始】136右条按住，过左单点和三连点后，爆右白球
【结束】左单点+右滑球",B1192,"【开始】1166双条后，爆右二连点
【结束】左滑球+右条头",97.8,B1192,"【开始】1166双条后，爆右二连点
【结束】左滑球+右条头",50.9,1
zuanshitang 钻石糖,钻石糖,A267,"【开始】252起连续三根条，爆第三根右条尾+左单点
【结束】右条尾+左白球",B591,"【开始】589右滑球后，过左单点，爆右二连点
【结束】左白球",70,B591,"【开始】589右滑球后，过左单点，爆右二连点
【结束】左白球",35.5,1
zuishachang 醉沙场,醉沙场,A209,"【开始】203右条后，过左单点，爆右单点
【结束】左二连点第一个",B480,"【开始】474左条后，过右单点，爆左单点
【结束】右二连点第一个",67,A209,"【开始】203右条后，过左单点，爆右单点
【结束】左二连点第一个",33.5,1
zuoguilian 做鬼脸,做鬼脸,B343,"【开始】341左条按住过2cb爆
【结束】左条结尾，右白球",B439,"【开始】437右条按住过2cb爆
【结束】左白球+右条结尾",68.6,B390,"【开始】388左条按住过2cb爆
【结束】左白球+右条结尾",34.6,1
zuotianjintian 昨天今天,昨天今天,A105,"【开始】104右滑球，过左单点，爆右白球
【结束】左二连点后的右单点",B415,"【开始】左点
【结束】左手滑球",70,B415,"【开始】左点
【结束】左手滑球",36,1
,,A315,"【开始】301起连续3根长条，按住第3根长条（左），爆右单点
【结束】左滑球+右条头",B593,"【开始】587左滑球+右条后，591左条按住2cb爆
【结束】左白球",63,,,,1
